path,repetition,generation,T0_ns,T1_ns,T2_ns,T3_ns,engine_thread,engine_on_main,calculator_returned_on_default,calculator_cancelled,publication_on_main,publication_at_ns,publication_thread,publication_on_main_looper,classification
CONTROL_DEFAULT_DEFAULT,1,1,40887294999683,40887295942483,40887309862883,40887938744083,DefaultDispatcher-worker-2,false,true,false,true,40887940110583,main,true,STALE_ACCEPTED
CONTROL_DEFAULT_DEFAULT,1,2,40887939798083,40887940539583,40887954131783,40888557201583,DefaultDispatcher-worker-2,false,true,false,true,40888559532983,main,true,STALE_ACCEPTED
CONTROL_DEFAULT_DEFAULT,1,3,40888558646683,40888559600283,40888565118583,40889187358783,DefaultDispatcher-worker-2,false,true,false,true,40889189475083,main,true,STALE_ACCEPTED
CONTROL_DEFAULT_DEFAULT,1,4,40889188608983,40889189089683,0,40889771989383,DefaultDispatcher-worker-2,false,true,false,true,40889774107483,main,true,NO_STALE_PUBLICATION
CONTROL_DEFAULT_DEFAULT,2,1,40890340921783,40890341732883,40890349306883,40890938594583,DefaultDispatcher-worker-3,false,true,false,true,40890939011383,main,true,STALE_ACCEPTED
CONTROL_DEFAULT_DEFAULT,2,2,40890938972583,40890939577783,40890941584583,40891543208283,DefaultDispatcher-worker-3,false,true,false,true,40891545662483,main,true,STALE_ACCEPTED
CONTROL_DEFAULT_DEFAULT,2,3,40891544783783,40891545685083,40891555814483,40892158675083,DefaultDispatcher-worker-3,false,true,false,true,40892161429583,main,true,STALE_ACCEPTED
CONTROL_DEFAULT_DEFAULT,2,4,40892160009183,40892160767383,0,40892714886383,DefaultDispatcher-worker-3,false,true,false,true,40892717972483,main,true,NO_STALE_PUBLICATION
CONTROL_DEFAULT_DEFAULT,3,1,40893295762483,40893296622283,40893301709083,40893914582383,DefaultDispatcher-worker-2,false,true,false,true,40893915399383,main,true,STALE_ACCEPTED
CONTROL_DEFAULT_DEFAULT,3,2,40893915009583,40893915646683,40893929125683,40894490733883,DefaultDispatcher-worker-2,false,true,false,false,0,NONE,false,NO_STALE_PUBLICATION
CONTROL_DEFAULT_DEFAULT,3,3,40894492149983,40894492678483,40894494215883,40895063085883,DefaultDispatcher-worker-2,false,true,false,true,40895065490483,main,true,STALE_ACCEPTED
CONTROL_DEFAULT_DEFAULT,3,4,40895064443083,40895065166383,0,40895653500983,DefaultDispatcher-worker-2,false,true,false,true,40895656553783,main,true,NO_STALE_PUBLICATION
CONTROL_DEFAULT_DEFAULT,4,1,40896233948283,40896234413983,40896235915483,40896853172883,DefaultDispatcher-worker-3,false,true,false,true,40896853648883,main,true,STALE_ACCEPTED
CONTROL_DEFAULT_DEFAULT,4,2,40896853562883,40896853816083,40896863218883,40897481129483,DefaultDispatcher-worker-3,false,true,false,true,40897485693183,main,true,STALE_ACCEPTED
CONTROL_DEFAULT_DEFAULT,4,3,40897482445483,40897482686383,40897485732183,40898087885583,DefaultDispatcher-worker-3,false,true,false,false,0,NONE,false,NO_STALE_PUBLICATION
CONTROL_DEFAULT_DEFAULT,4,4,40898089084483,40898089230483,0,40898652585883,DefaultDispatcher-worker-3,false,true,false,true,40898654803883,main,true,NO_STALE_PUBLICATION
CONTROL_DEFAULT_DEFAULT,5,1,40899215055283,40899215395683,40899233281083,40899846399883,DefaultDispatcher-worker-3,false,true,false,true,40899846640083,main,true,STALE_ACCEPTED
CONTROL_DEFAULT_DEFAULT,5,2,40899846658383,40899846795783,40899858561683,40900415338783,DefaultDispatcher-worker-3,false,true,false,false,0,NONE,false,NO_STALE_PUBLICATION
CONTROL_DEFAULT_DEFAULT,5,3,40900416823883,40900417089883,40900419358983,40900991144883,DefaultDispatcher-worker-3,false,true,false,true,40900993640283,main,true,STALE_ACCEPTED
CONTROL_DEFAULT_DEFAULT,5,4,40900992450083,40900992753583,0,40901546500683,DefaultDispatcher-worker-3,false,true,false,true,40901548600783,main,true,NO_STALE_PUBLICATION
CONTROL_DEFAULT_DEFAULT,6,1,40902130722983,40902131111883,40902132485783,40902749991683,DefaultDispatcher-worker-1,false,true,false,true,40902750350883,main,true,STALE_ACCEPTED
CONTROL_DEFAULT_DEFAULT,6,2,40902750343683,40902750600383,40902755393783,40903345236783,DefaultDispatcher-worker-1,false,true,false,true,40903349614183,main,true,STALE_ACCEPTED
CONTROL_DEFAULT_DEFAULT,6,3,40903348635983,40903348926283,40903362225783,40903916938483,DefaultDispatcher-worker-1,false,true,false,true,40903919147583,main,true,STALE_ACCEPTED
CONTROL_DEFAULT_DEFAULT,6,4,40903918223483,40903918362883,0,40904513163783,DefaultDispatcher-worker-1,false,true,false,true,40904515312083,main,true,NO_STALE_PUBLICATION
CONTROL_DEFAULT_DEFAULT,7,1,40905079600483,40905080116283,40905098935683,40905721188983,DefaultDispatcher-worker-4,false,true,false,true,40905721691883,main,true,STALE_ACCEPTED
CONTROL_DEFAULT_DEFAULT,7,2,40905721723483,40905723298283,40905725034983,40906331795183,DefaultDispatcher-worker-4,false,true,false,true,40906334272583,main,true,STALE_ACCEPTED
CONTROL_DEFAULT_DEFAULT,7,3,40906333085583,40906333300283,40906336127783,40906928747083,DefaultDispatcher-worker-4,false,true,false,true,40906930927483,main,true,STALE_ACCEPTED
CONTROL_DEFAULT_DEFAULT,7,4,40906930072183,40906930239383,0,40907571384083,DefaultDispatcher-worker-4,false,true,false,true,40907574024883,main,true,NO_STALE_PUBLICATION
CONTROL_DEFAULT_DEFAULT,8,1,40908175985583,40908176550183,40908184869383,40908779859983,DefaultDispatcher-worker-4,false,true,false,true,40908780833683,main,true,STALE_ACCEPTED
CONTROL_DEFAULT_DEFAULT,8,2,40908780814783,40908781978583,40908783410283,40909382900483,DefaultDispatcher-worker-4,false,true,false,true,40909385121283,main,true,STALE_ACCEPTED
CONTROL_DEFAULT_DEFAULT,8,3,40909384219883,40909384444883,40909385749783,40909991844083,DefaultDispatcher-worker-4,false,true,false,true,40909996835683,main,true,STALE_ACCEPTED
CONTROL_DEFAULT_DEFAULT,8,4,40909996408283,40909997161483,0,40910576874683,DefaultDispatcher-worker-4,false,true,false,true,40910578983183,main,true,NO_STALE_PUBLICATION
CONTROL_DEFAULT_DEFAULT,9,1,40911137412683,40911137674483,40911147256483,40911750215483,DefaultDispatcher-worker-4,false,true,false,true,40911750802483,main,true,STALE_ACCEPTED
CONTROL_DEFAULT_DEFAULT,9,2,40911750859583,40911751139083,40911752590583,40912389410583,DefaultDispatcher-worker-4,false,true,false,false,0,NONE,false,NO_STALE_PUBLICATION
CONTROL_DEFAULT_DEFAULT,9,3,40912390909083,40912391133583,40912394471883,40912974011783,DefaultDispatcher-worker-4,false,true,false,true,40912976249483,main,true,STALE_ACCEPTED
CONTROL_DEFAULT_DEFAULT,9,4,40912975368083,40912975503283,0,40913547309583,DefaultDispatcher-worker-4,false,true,false,true,40913551951583,main,true,NO_STALE_PUBLICATION
CONTROL_DEFAULT_DEFAULT,10,1,40914128329083,40914128575783,40914130091583,40914751516383,DefaultDispatcher-worker-4,false,true,false,true,40914751881983,main,true,STALE_ACCEPTED
CONTROL_DEFAULT_DEFAULT,10,2,40914751778183,40914751994183,40914753793083,40915349561583,DefaultDispatcher-worker-4,false,true,false,false,0,NONE,false,NO_STALE_PUBLICATION
CONTROL_DEFAULT_DEFAULT,10,3,40915350823383,40915350918083,40915353172683,40915959712083,DefaultDispatcher-worker-4,false,true,false,false,0,NONE,false,NO_STALE_PUBLICATION
CONTROL_DEFAULT_DEFAULT,10,4,40915961778983,40915961876683,0,40916529658383,DefaultDispatcher-worker-4,false,true,false,true,40916531816083,main,true,NO_STALE_PUBLICATION
