"group","rep","point","valid","submitted","started","skipped","finalRequestId","finalLabel","finalSubmitNs","finalBodyLaunchNs","finalEngineEnterNs","finalEngineReturnNs","finalCalculatorReturnNs","finalPublicationNs","finalStartNs","finalRuntimeNs","finalPublicationLatencyNs","activeAtFinalSubmission","peakConcurrency","obsoleteDrainNs","engineOnMain","finalEngineThread","publicationThread"
"A","0","clean","true","1","1","0","1","initial","45679058293983","45679119502283","45679141985583","45679819658783","45679820468283","45679821347483","83691600","677673200","763053500","0","1","0","false","DefaultDispatcher-worker-3","Main"
"A","1","clean","true","1","1","0","1","initial","45679832326783","45679835577383","45679837431083","45680540787283","45680541018183","45680547925783","5104300","703356200","715599000","0","1","0","false","DefaultDispatcher-worker-3","Main"
"A","2","clean","true","1","1","0","1","initial","45680571047983","45680575177283","45680577526783","45681328704983","45681328967283","45681330853683","6478800","751178200","759805700","0","1","0","false","DefaultDispatcher-worker-3","Main"
"A","3","clean","true","1","1","0","1","initial","45681348805183","45681351974683","45681354582983","45682130193283","45682130461283","45682130818283","5777800","775610300","782013100","0","1","0","false","DefaultDispatcher-worker-3","Main"
"A","4","clean","true","1","1","0","1","initial","45682137695483","45682141764183","45682144745283","45682903966383","45682904148983","45682904537383","7049800","759221100","766841900","0","1","0","false","DefaultDispatcher-worker-3","Main"
"A","5","clean","true","1","1","0","1","initial","45682914495683","45682917995983","45682920420783","45683658542483","45683658734583","45683659218383","5925100","738121700","744722700","0","1","0","false","DefaultDispatcher-worker-3","Main"
"A","6","clean","true","1","1","0","1","initial","45683668867083","45683674098083","45683677105583","45684448518983","45684448801683","45684452540083","8238500","771413400","783673000","0","1","0","false","DefaultDispatcher-worker-3","Main"
"A","7","clean","true","1","1","0","1","initial","45684459468983","45684463994283","45684469246783","45685219968783","45685220316283","45685223542783","9777800","750722000","764073800","0","1","0","false","DefaultDispatcher-worker-3","Main"
"A","8","clean","true","1","1","0","1","initial","45685248159783","45685249331683","45685250470583","45686012762983","45686012972683","45686015727983","2310800","762292400","767568200","0","1","0","false","DefaultDispatcher-worker-3","Main"
"A","9","clean","true","1","1","0","1","initial","45686023128983","45686028441883","45686031120383","45686780621783","45686780842483","45686781222883","7991400","749501400","758093900","0","1","0","false","DefaultDispatcher-worker-3","Main"
"A","10","clean","true","1","1","0","1","initial","45686790615483","45686794283483","45686797414383","45687557109883","45687557316083","45687559859583","6798900","759695500","769244100","0","1","0","false","DefaultDispatcher-worker-3","Main"
"A","11","clean","true","1","1","0","1","initial","45687572726783","45687575791683","45687577423083","45688333513983","45688333717383","45688334036383","4696300","756090900","761309600","0","1","0","false","DefaultDispatcher-worker-3","Main"
"A","12","clean","true","1","1","0","1","initial","45688345155983","45688348479583","45688350513783","45689123663883","45689123862183","45689126323483","5357800","773150100","781167500","0","1","0","false","DefaultDispatcher-worker-3","Main"
"A","13","clean","true","1","1","0","1","initial","45689133021283","45689135903683","45689138270283","45689901668183","45689901906083","45689905272183","5249000","763397900","772250900","0","1","0","false","DefaultDispatcher-worker-3","Main"
"A","14","clean","true","1","1","0","1","initial","45689925666083","45689928432583","45689930788783","45690694889383","45690695098483","45690695969883","5122700","764100600","770303800","0","1","0","false","DefaultDispatcher-worker-3","Main"
"A","15","clean","true","1","1","0","1","initial","45690703894883","45690708694483","45690710397483","45691456075883","45691456341283","45691459703883","6502600","745678400","755809000","0","1","0","false","DefaultDispatcher-worker-3","Main"
"A","16","clean","true","1","1","0","1","initial","45691477780983","45691478898583","45691482221683","45692274651383","45692274854183","45692275290083","4440700","792429700","797509100","0","1","0","false","DefaultDispatcher-worker-3","Main"
"A","17","clean","true","1","1","0","1","initial","45692282178083","45692284529983","45692288486183","45693051815983","45693052035383","45693057144983","6308100","763329800","774966900","0","1","0","false","DefaultDispatcher-worker-3","Main"
"A","18","clean","true","1","1","0","1","initial","45693060929183","45693065432483","45693068137183","45693883116483","45693883324683","45693886023583","7208000","814979300","825094400","0","1","0","false","DefaultDispatcher-worker-3","Main"
"A","19","clean","true","1","1","0","1","initial","45693895485683","45693900349183","45693901433283","45694669428483","45694669827483","45694673514383","5947600","767995200","778028700","0","1","0","false","DefaultDispatcher-worker-3","Main"
"A","20","clean","true","1","1","0","1","initial","45694681217783","45694683997883","45694686382583","45695472927583","45695473135983","45695473436783","5164800","786545000","792219000","0","1","0","false","DefaultDispatcher-worker-3","Main"
"A","21","clean","true","1","1","0","1","initial","45695487817283","45695492091483","45695495230683","45696274254983","45696274498183","45696275138283","7413400","779024300","787321000","0","1","0","false","DefaultDispatcher-worker-3","Main"
"A","22","clean","true","1","1","0","1","initial","45696284974283","45696287544383","45696290224683","45697048938583","45697049261083","45697052236283","5250400","758713900","767262000","0","1","0","false","DefaultDispatcher-worker-3","Main"
"A","23","clean","true","1","1","0","1","initial","45697057360383","45697060518483","45697063584883","45697825924183","45697826245483","45697828599083","6224500","762339300","771238700","0","1","0","false","DefaultDispatcher-worker-3","Main"
"A","24","clean","true","1","1","0","1","initial","45697848139383","45697851305783","45697854213183","45698608056683","45698612815983","45698615615383","6073800","753843500","767476000","0","1","0","false","DefaultDispatcher-worker-3","Main"
"A","25","clean","true","1","1","0","1","initial","45698622499083","45698624835983","45698627596883","45699398446583","45699398674683","45699400292183","5097800","770849700","777793100","0","1","0","false","DefaultDispatcher-worker-3","Main"
"A","26","clean","true","1","1","0","1","initial","45699410777783","45699413983683","45699415300083","45700182878683","45700183106883","45700183447983","4522300","767578600","772670200","0","1","0","false","DefaultDispatcher-worker-3","Main"
"A","27","clean","true","1","1","0","1","initial","45700193594583","45700195884883","45700199206483","45700976351183","45700976596083","45700979216583","5611900","777144700","785622000","0","1","0","false","DefaultDispatcher-worker-3","Main"
"A","28","clean","true","1","1","0","1","initial","45700987926383","45700990352983","45700994114683","45701742467283","45701742710183","45701745832283","6188300","748352600","757905900","0","1","0","false","DefaultDispatcher-worker-3","Main"
"A","29","clean","true","1","1","0","1","initial","45701757608283","45701760001483","45701762354783","45702581802883","45702582120783","45702584349583","4746500","819448100","826741300","0","1","0","false","DefaultDispatcher-worker-3","Main"
"C","0","manual-refresh-200ms","true","5","3","2","5","burst-final","45703443255483","45704158987383","45704162811883","45704909646483","45704909976783","45704912211583","719556400","746834600","1468956100","1","1","712442200","false","DefaultDispatcher-worker-3","Main"
"C","1","manual-refresh-200ms","true","5","3","2","5","burst-final","45705753200283","45706456962283","45706457904183","45707231596183","45707232295183","45707234765183","704703900","773692000","1481564900","1","1","700821600","false","DefaultDispatcher-worker-3","Main"
"C","2","manual-refresh-200ms","true","5","4","1","5","burst-final","45708078255283","45708838613483","45708841999383","45709611551783","45709612210383","45709612831983","763744100","769552400","1534576700","1","1","759482400","false","DefaultDispatcher-worker-3","Main"
"C","3","manual-refresh-200ms","true","5","3","2","5","burst-final","45710483828883","45711171721183","45711173544083","45711927229683","45711927494083","45711929584283","689715200","753685600","1445755400","1","1","683736200","false","DefaultDispatcher-worker-1","Main"
"C","4","manual-refresh-200ms","true","5","4","1","5","burst-final","45712794785983","45713519647783","45713522297483","45714280261483","45714280469283","45714280835383","727511500","757964000","1486049400","1","1","721463100","false","DefaultDispatcher-worker-1","Main"
"C","5","manual-refresh-200ms","true","5","3","2","5","burst-final","45715152592883","45715809003883","45715810006883","45716575505283","45716575691983","45716576101983","657414000","765498400","1423509100","1","1","653555400","false","DefaultDispatcher-worker-1","Main"
"C","6","manual-refresh-200ms","true","5","3","2","5","burst-final","45717448416383","45718133768283","45718137088683","45718884569783","45718884792983","45718887903083","688672300","747481100","1439486700","1","1","682326600","false","DefaultDispatcher-worker-1","Main"
"C","7","manual-refresh-200ms","true","5","3","2","5","burst-final","45719751217283","45720474847983","45720477362183","45721246188883","45721246645383","45721248696183","726144900","768826700","1497478900","1","1","720290100","false","DefaultDispatcher-worker-1","Main"
"C","8","manual-refresh-200ms","true","5","3","2","5","burst-final","45722095030383","45722798651283","45722799660983","45723565137483","45723565337683","45723567931383","704630600","765476500","1472901000","1","1","701391400","false","DefaultDispatcher-worker-1","Main"
"C","9","manual-refresh-200ms","true","5","4","1","5","burst-final","45724433507683","45725123329983","45725125133983","45725887401083","45725887755583","45725888983183","691626300","762267100","1455475500","1","1","686875500","false","DefaultDispatcher-worker-1","Main"
"C","10","manual-refresh-200ms","true","5","3","2","5","burst-final","45726736106383","45727457792783","45727458280483","45728219782783","45728219979183","45728222491783","722174100","761502300","1486385400","1","1","719305500","false","DefaultDispatcher-worker-1","Main"
"C","11","manual-refresh-200ms","true","5","3","2","5","burst-final","45729074514083","45729767448483","45729769420483","45730558848183","45730559026283","45730561499283","694906400","789427700","1486985200","1","1","691085600","false","DefaultDispatcher-worker-1","Main"
"C","12","manual-refresh-200ms","true","5","3","2","5","burst-final","45731425752783","45732099093683","45732099494383","45732858788783","45732858994883","45732861495283","673741600","759294400","1435742500","1","1","669945600","false","DefaultDispatcher-worker-1","Main"
"C","13","manual-refresh-200ms","true","5","3","2","5","burst-final","45733708356383","45734469633683","45734469854183","45735239971583","45735240170583","45735241779983","761497800","770117400","1533423600","1","1","758465400","false","DefaultDispatcher-worker-1","Main"
"C","14","manual-refresh-200ms","true","5","3","2","5","burst-final","45736089105383","45736779723883","45736780984483","45737536360883","45737536559083","45737536910083","691879100","755376400","1447804700","1","1","687637300","false","DefaultDispatcher-worker-1","Main"
"C","15","manual-refresh-200ms","true","5","3","2","5","burst-final","45738373534883","45739066295383","45739066560083","45739853900983","45739854096783","45739856341783","693025200","787340900","1482806900","1","1","690610900","false","DefaultDispatcher-worker-1","Main"
"C","16","manual-refresh-200ms","true","5","3","2","5","burst-final","45740730285983","45741406526983","45741406847183","45742161837383","45742162068583","45742165702883","676561200","754990200","1435416900","1","1","673477500","false","DefaultDispatcher-worker-1","Main"
"C","17","manual-refresh-200ms","true","5","3","2","5","burst-final","45743016250983","45743713265083","45743713752283","45744476140983","45744476351483","45744476757283","697501300","762388700","1460506300","1","1","693666800","false","DefaultDispatcher-worker-1","Main"
"C","18","manual-refresh-200ms","true","5","3","2","5","burst-final","45745324521983","45746003406683","45746005039583","45746759815583","45746760010983","45746762505483","680517600","754776000","1437983500","1","1","676061700","false","DefaultDispatcher-worker-1","Main"
"C","19","manual-refresh-200ms","true","5","4","1","5","burst-final","45747611094283","45748279155783","45748282281483","45749058381083","45749058589683","45749059088883","671187200","776099600","1447994600","1","1","667025700","false","DefaultDispatcher-worker-1","Main"
"C","20","manual-refresh-200ms","true","5","3","2","5","burst-final","45749885588583","45750658214283","45750658559383","45751434881983","45751435310583","45751437967483","772970800","776322600","1552378900","1","1","769947100","false","DefaultDispatcher-worker-1","Main"
"C","21","manual-refresh-200ms","true","5","3","2","5","burst-final","45752277288883","45752994430683","45752994672183","45753787219683","45753787428083","45753790704883","717383300","792547500","1513416000","1","1","714266200","false","DefaultDispatcher-worker-1","Main"
"C","22","manual-refresh-200ms","true","5","3","2","5","burst-final","45754660087383","45755346205483","45755347645983","45756110057783","45756110260183","45756111150483","687558600","762411800","1451063100","1","1","684825500","false","DefaultDispatcher-worker-1","Main"
"C","23","manual-refresh-200ms","true","5","4","1","5","burst-final","45756969636383","45757637695983","45757638124483","45758410276883","45758410456483","45758410847483","668488100","772152400","1441211100","1","1","664570800","false","DefaultDispatcher-worker-1","Main"
"C","24","manual-refresh-200ms","true","5","3","2","5","burst-final","45759250725683","45759941494383","45759941700783","45760700348483","45760700543683","45760703375283","690975100","758647700","1452649600","1","1","688054700","false","DefaultDispatcher-worker-1","Main"
"C","25","manual-refresh-200ms","true","5","3","2","5","burst-final","45761552157183","45762236414083","45762236621183","45763008366883","45763008585883","45763008899983","684464000","771745700","1456742800","1","1","680767300","false","DefaultDispatcher-worker-1","Main"
"C","26","manual-refresh-200ms","true","5","3","2","5","burst-final","45763833300183","45764565725783","45764566032183","45765329436583","45765330343583","45765330641583","732732000","763404400","1497341400","1","1","728949600","false","DefaultDispatcher-worker-1","Main"
"C","27","manual-refresh-200ms","true","5","3","2","5","burst-final","45766218614483","45766885386183","45766885597783","45767657280083","45767657484883","45767660287383","666983300","771682300","1441672900","1","1","664563400","false","DefaultDispatcher-worker-1","Main"
"C","28","manual-refresh-200ms","true","5","3","2","5","burst-final","45768482992683","45769224923483","45769225167383","45770008470383","45770008667883","45770013318383","742174700","783303000","1530325700","1","1","739081500","false","DefaultDispatcher-worker-1","Main"
"C","29","manual-refresh-200ms","true","5","3","2","5","burst-final","45770859271183","45771578705783","45771578983083","45772355925383","45772356107883","45772358334483","719711900","776942300","1499063300","1","1","716800600","false","DefaultDispatcher-worker-1","Main"
"D","0","non-normal-10ms","true","21","2","19","21","stress-final","45772698900183","45773171461183","45773171702783","45773935768483","45773935916283","45773936125083","472802600","764065700","1237224900","1","1","469063600","false","DefaultDispatcher-worker-1","Main"
"D","1","non-normal-10ms","true","21","2","19","21","stress-final","45774259342983","45774725032983","45774725281983","45775491592883","45775491954783","45775492290783","465939000","766310900","1232947800","1","1","461234900","false","DefaultDispatcher-worker-1","Main"
"D","2","non-normal-10ms","true","21","2","19","21","stress-final","45775832657683","45776320373983","45776322679283","45777097598883","45777097782883","45777100064983","490021600","774919600","1267407300","1","1","484293300","false","DefaultDispatcher-worker-1","Main"
"D","3","non-normal-10ms","true","21","2","19","21","stress-final","45777445082583","45777897935383","45777898346783","45778720040383","45778722681983","45778723152183","453264200","821693600","1278069600","1","1","448539200","false","DefaultDispatcher-worker-1","Main"
"D","4","non-normal-10ms","true","21","2","19","21","stress-final","45779058940183","45779556315083","45779557153883","45780318621583","45780318882483","45780319326283","498213700","761467700","1260386100","1","1","491886700","false","DefaultDispatcher-worker-1","Main"
"D","5","non-normal-10ms","true","21","3","18","21","stress-final","45780638411283","45781910736983","45781912866183","45782666161283","45782666358183","45782666744883","1274454900","753295100","2028333600","1","1","508117000","false","DefaultDispatcher-worker-1","Main"
"D","6","non-normal-10ms","true","21","2","19","21","stress-final","45783008057083","45783466928983","45783467148483","45784251832783","45784252156483","45784252490883","459091400","784684300","1244433800","1","1","455946300","false","DefaultDispatcher-worker-1","Main"
"D","7","non-normal-10ms","true","21","2","19","21","stress-final","45784593653583","45785061789983","45785062168583","45785827671983","45785827878283","45785830613783","468515000","765503400","1236960200","1","1","463219600","false","DefaultDispatcher-worker-1","Main"
"D","8","non-normal-10ms","true","21","2","19","21","stress-final","45786176245983","45786627328383","45786627563983","45787388028983","45787388237483","45787388517183","451318000","760465000","1212271200","1","1","446849100","false","DefaultDispatcher-worker-1","Main"
"D","9","non-normal-10ms","true","21","3","18","21","stress-final","45787751353183","45788184754983","45788185143383","45788941488383","45788941733383","45788942101283","433790200","756345000","1190748100","1","1","427864400","false","DefaultDispatcher-worker-1","Main"
"D","10","non-normal-10ms","true","21","2","19","21","stress-final","45789265128383","45789743902883","45789744149183","45790535756383","45790535951083","45790536377283","479020800","791607200","1271248900","1","1","473921000","false","DefaultDispatcher-worker-1","Main"
"D","11","non-normal-10ms","true","21","2","19","21","stress-final","45790854070883","45791329683583","45791330018883","45792091131683","45792091556883","45792093857783","475948000","761112800","1239786900","1","1","473600600","false","DefaultDispatcher-worker-1","Main"
"D","12","non-normal-10ms","true","21","2","19","21","stress-final","45792421801083","45792895489383","45792895730283","45793653049883","45793653381583","45793653716583","473929200","757319600","1231915500","1","1","469663900","false","DefaultDispatcher-worker-1","Main"
"D","13","non-normal-10ms","true","21","3","18","21","stress-final","45793982781783","45794468755083","45794468991783","45795234449783","45795234659883","45795237158583","486210000","765458000","1254376800","1","1","479607800","false","DefaultDispatcher-worker-1","Main"
"D","14","non-normal-10ms","true","21","2","19","21","stress-final","45795578074483","45796038719583","45796039041883","45796797201583","45796798538883","45796798931183","460967400","758159700","1220856700","1","1","456011800","false","DefaultDispatcher-worker-1","Main"
"D","15","non-normal-10ms","true","21","4","17","21","stress-final","45797130382283","45798371102283","45798371342583","45799155370083","45799155532383","45799155842883","1240960300","784027500","2025460600","1","1","467192500","false","DefaultDispatcher-worker-1","Main"
"D","16","non-normal-10ms","true","21","3","18","21","stress-final","45799494648683","45799969890283","45799970154583","45800751873483","45800752066783","45800752345783","475505900","781718900","1257697100","1","1","470674100","false","DefaultDispatcher-worker-1","Main"
"D","17","non-normal-10ms","true","21","4","17","21","stress-final","45801072567183","45801560173983","45801560389483","45802324488283","45802324699583","45802329042083","487822300","764098800","1256474900","1","1","481170900","false","DefaultDispatcher-worker-1","Main"
"D","18","non-normal-10ms","true","21","2","19","21","stress-final","45802680102783","45803128081883","45803128374483","45803872245983","45803872451283","45803873773883","448271700","743871500","1193671100","1","1","443542300","false","DefaultDispatcher-worker-1","Main"
"D","19","non-normal-10ms","true","21","2","19","21","stress-final","45804190668783","45804759391683","45804759654483","45805534855183","45805537975583","45805538966883","568985700","775200700","1348298100","1","1","564545100","false","DefaultDispatcher-worker-1","Main"
"D","20","non-normal-10ms","true","21","2","19","21","stress-final","45805879878383","45806322755483","45806323071783","45807083096383","45807083299183","45807083620483","443193400","760024600","1203742100","1","1","438234100","false","DefaultDispatcher-worker-1","Main"
"D","21","non-normal-10ms","true","21","3","18","21","stress-final","45807408274683","45807877087383","45807877281983","45808619993983","45808620195083","45808620490983","469007300","742712000","1212216300","1","1","462859900","false","DefaultDispatcher-worker-1","Main"
"D","22","non-normal-10ms","true","21","2","19","21","stress-final","45808999205983","45809432316483","45809435486483","45810203701783","45810203929383","45810204466483","436280500","768215300","1205260500","1","1","427625400","false","DefaultDispatcher-worker-1","Main"
"D","23","non-normal-10ms","true","21","3","18","21","stress-final","45810563782683","45811009256883","45811010554383","45811773306483","45811773675783","45811774338283","446771700","762752100","1210555600","1","1","436877700","false","DefaultDispatcher-worker-1","Main"
"D","24","non-normal-10ms","true","21","2","19","21","stress-final","45812097287683","45812624206083","45812624433583","45813386274583","45813386483783","45813386808283","527145900","761841000","1289520600","1","1","523080300","false","DefaultDispatcher-worker-1","Main"
"D","25","non-normal-10ms","true","21","3","18","21","stress-final","45813708729083","45814199350583","45814199540083","45814962940883","45814963157683","45814963548883","490811000","763400800","1254819800","1","1","484834900","false","DefaultDispatcher-worker-1","Main"
"D","26","non-normal-10ms","true","21","2","19","21","stress-final","45815282193283","45815752935583","45815755409283","45816553056383","45816553233783","45816555684083","473216000","797647100","1273490800","1","1","466346000","false","DefaultDispatcher-worker-1","Main"
"D","27","non-normal-10ms","true","21","3","18","21","stress-final","45816900190483","45817356343883","45817357104083","45818135212783","45818135429883","45818138243383","456913600","778108700","1238052900","1","1","449862000","false","DefaultDispatcher-worker-1","Main"
"D","28","non-normal-10ms","true","21","2","19","21","stress-final","45818482545583","45818938820983","45818939057183","45819717608783","45819717817283","45819720135583","456511600","778551600","1237590000","1","1","452487900","false","DefaultDispatcher-worker-1","Main"
"D","29","non-normal-10ms","true","21","3","18","21","stress-final","45820057721583","45820508407483","45820508653283","45821256443083","45821256655683","45821257288183","450931700","747789800","1199566600","1","1","444662100","false","DefaultDispatcher-worker-1","Main"
"B","0","early","true","2","2","0","2","supersession-early","45821309687083","45822050051883","45822050436883","45822805811083","45822806038783","45822806358983","740749800","755374200","1496671900","1","1","737235900","false","DefaultDispatcher-worker-1","Main"
"B","1","early","true","2","2","0","2","supersession-early","45822849807983","45823565511883","45823566322883","45824321914183","45824322116483","45824322472083","716514900","755591300","1472664100","1","1","712868900","false","DefaultDispatcher-worker-1","Main"
"B","2","early","true","2","2","0","2","supersession-early","45824365651983","45825106181283","45825106439983","45825873606883","45825873814483","45825876618983","740788000","767166900","1510967000","1","1","737537900","false","DefaultDispatcher-worker-1","Main"
"B","3","early","true","2","2","0","2","supersession-early","45825930431783","45826655326083","45826655630183","45827432532083","45827432726083","45827435222483","725198400","776901900","1504790700","1","1","721749500","false","DefaultDispatcher-worker-1","Main"
"B","4","early","true","2","2","0","2","supersession-early","45827488364083","45828227389583","45828230086983","45829006365683","45829006780683","45829009427083","741722900","776278700","1521063000","1","1","737192600","false","DefaultDispatcher-worker-1","Main"
"B","5","early","true","2","2","0","2","supersession-early","45829053287683","45829793306083","45829793871183","45830553334183","45830553548283","45830554381283","740583500","759463000","1501093600","1","1","739177900","false","DefaultDispatcher-worker-1","Main"
"B","6","early","true","2","2","0","2","supersession-early","45830600146883","45831322466683","45831322884383","45832075683083","45832075887283","45832078610283","722737500","752798700","1478463400","1","1","721486600","false","DefaultDispatcher-worker-1","Main"
"B","7","early","true","2","2","0","2","supersession-early","45832109674983","45832850063983","45832850325883","45833609015583","45833609257783","45833610596683","740650900","758689700","1500921700","1","1","737742000","false","DefaultDispatcher-worker-1","Main"
"B","8","early","true","2","2","0","2","supersession-early","45833655601883","45834396615083","45834396807183","45835152502883","45835152697983","45835154803583","741205300","755695700","1499201700","1","1","738544200","false","DefaultDispatcher-worker-1","Main"
"B","9","early","true","2","2","0","2","supersession-early","45835201779383","45835944071783","45835944305083","45836708665483","45836708908583","45836709232383","742525700","764360400","1507453000","1","1","739870700","false","DefaultDispatcher-worker-1","Main"
"B","10","early","true","2","2","0","2","supersession-early","45836745978483","45837479503083","45837481607383","45838238888683","45838239113083","45838239413583","735628900","757281300","1493435100","1","1","728499900","false","DefaultDispatcher-worker-1","Main"
"B","11","early","true","2","2","0","2","supersession-early","45838277064283","45839015173083","45839015538883","45839779819083","45839780112183","45839783555383","738474600","764280200","1506491100","1","1","735362300","false","DefaultDispatcher-worker-1","Main"
"B","12","early","true","2","2","0","2","supersession-early","45839821315683","45840573420983","45840573680783","45841337041183","45841337236883","45841338326983","752365100","763360400","1517011300","1","1","748872400","false","DefaultDispatcher-worker-1","Main"
"B","13","early","true","2","2","0","2","supersession-early","45841383999483","45842126038383","45842128945983","45842886553483","45842886761583","45842888502383","744946500","757607500","1504502900","1","1","741096300","false","DefaultDispatcher-worker-1","Main"
"B","14","early","true","2","2","0","2","supersession-early","45842930265183","45843651113283","45843651531283","45844409695483","45844409899083","45844410468683","721266100","758164200","1480203500","1","1","709237400","false","DefaultDispatcher-worker-1","Main"
"B","15","middle","true","2","2","0","2","supersession-middle","45844712581883","45845191279583","45845192700583","45845973404883","45845973625383","45845976133083","480118700","780704300","1263551200","1","1","478131000","false","DefaultDispatcher-worker-1","Main"
"B","16","middle","true","2","2","0","2","supersession-middle","45846275218783","45846766349283","45846766584983","45847528573983","45847528778583","45847529440283","491366200","761989000","1254221500","1","1","488873400","false","DefaultDispatcher-worker-1","Main"
"B","17","middle","true","2","2","0","2","supersession-middle","45847823475283","45848303191983","45848303615683","45849061824383","45849062034583","45849062496283","480140400","758208700","1239021000","1","1","477001000","false","DefaultDispatcher-worker-1","Main"
"B","18","middle","true","2","2","0","2","supersession-middle","45849352055383","45849829651383","45849829960983","45850599960583","45850600188483","45850600673983","477905600","769999600","1248618600","1","1","474781900","false","DefaultDispatcher-worker-1","Main"
"B","19","middle","true","2","2","0","2","supersession-middle","45850901121983","45851373683783","45851374192883","45852121024783","45852121200683","45852123598883","473070900","746831900","1222476900","1","1","469680600","false","DefaultDispatcher-worker-1","Main"
"B","20","middle","true","2","2","0","2","supersession-middle","45852411395383","45852877749383","45852878256883","45853646804683","45853647240683","45853649471183","466861500","768547800","1238075800","1","1","460987400","false","DefaultDispatcher-worker-1","Main"
"B","21","middle","true","2","2","0","2","supersession-middle","45853944865583","45854422557283","45854423596783","45855182358283","45855182695283","45855183022083","478731200","758761500","1238156500","1","1","476791400","false","DefaultDispatcher-worker-1","Main"
"B","22","middle","true","2","2","0","2","supersession-middle","45855489983283","45855979130283","45855979321483","45856748292883","45856752116583","45856752525483","489338200","768971400","1262542200","1","1","486029700","false","DefaultDispatcher-worker-1","Main"
"B","23","middle","true","2","2","0","2","supersession-middle","45857050743583","45857544071283","45857544345683","45858303587383","45858303807783","45858307011083","493602100","759241700","1256267500","1","1","490518500","false","DefaultDispatcher-worker-1","Main"
"B","24","middle","true","2","2","0","2","supersession-middle","45858595808183","45859086254583","45859090636283","45859862909083","45859863125983","45859864711083","494828100","772272800","1268902900","1","1","489737200","false","DefaultDispatcher-worker-1","Main"
"B","25","middle","true","2","2","0","2","supersession-middle","45860156480183","45860632899983","45860633155783","45861379484583","45861379689483","45861382342883","476675600","746328800","1225862700","1","1","473723300","false","DefaultDispatcher-worker-1","Main"
"B","26","middle","true","2","2","0","2","supersession-middle","45861673550683","45862153451483","45862153791483","45862914719783","45862914910183","45862917169683","480240800","760928300","1243619000","1","1","476633200","false","DefaultDispatcher-worker-1","Main"
"B","27","middle","true","2","2","0","2","supersession-middle","45863205931783","45863691412183","45863691790483","45864454014683","45864454230283","45864457048783","485858700","762224200","1251117000","1","1","481626500","false","DefaultDispatcher-worker-1","Main"
"B","28","middle","true","2","2","0","2","supersession-middle","45864753047883","45865239828183","45865240095583","45866013648683","45866013823483","45866014750683","487047700","773553100","1261702800","1","1","483376300","false","DefaultDispatcher-worker-1","Main"
"B","29","middle","true","2","2","0","2","supersession-middle","45866302472383","45866781604683","45866781891583","45867535734783","45867535980783","45867538872883","479419200","753843200","1236400500","1","1","476036800","false","DefaultDispatcher-worker-1","Main"
"B","30","late","true","2","2","0","2","supersession-late","45867988222083","45868290740183","45868290984183","45869045175383","45869045388283","45869046868583","302762100","754191200","1058646500","1","1","299471900","false","DefaultDispatcher-worker-1","Main"
"B","31","late","true","2","2","0","2","supersession-late","45869481258683","45869798128283","45869798404183","45870555913083","45870556165083","45870557173483","317145500","757508900","1075914800","1","1","314620900","false","DefaultDispatcher-worker-1","Main"
"B","32","late","true","2","2","0","2","supersession-late","45870991026483","45871317471683","45871317824183","45872062594083","45872062773683","45872063160883","326797700","744769900","1072134400","1","1","323815200","false","DefaultDispatcher-worker-1","Main"
"B","33","late","true","2","2","0","2","supersession-late","45872520075483","45872831952783","45872832254283","45873577128983","45873577306483","45873579828483","312178800","744874700","1059753000","1","1","309039100","false","DefaultDispatcher-worker-1","Main"
"B","34","late","true","2","2","0","2","supersession-late","45874038950783","45874355902183","45874356918783","45875125294083","45875125488583","45875128728983","317968000","768375300","1089778200","1","1","314292800","false","DefaultDispatcher-worker-1","Main"
"B","35","late","true","2","2","0","2","supersession-late","45875582246983","45875921318983","45875921729383","45876675735983","45876678026383","45876682772183","339482400","754006600","1100525200","1","1","335787100","false","DefaultDispatcher-worker-1","Main"
"B","36","late","true","2","2","0","2","supersession-late","45877128233483","45877455089083","45877455406583","45878202950483","45878203129483","45878205205883","327173100","747543900","1076972400","1","1","323807000","false","DefaultDispatcher-worker-1","Main"
"B","37","late","true","2","2","0","2","supersession-late","45878658484483","45878997711183","45878997983083","45879753381983","45879753571683","45879756031283","339498600","755398900","1097546800","1","1","335820100","false","DefaultDispatcher-worker-1","Main"
"B","38","late","true","2","2","0","2","supersession-late","45880219184583","45880520005583","45880520314883","45881274648183","45881274843583","45881275193483","301130300","754333300","1056008900","1","1","298210900","false","DefaultDispatcher-worker-1","Main"
"B","39","late","true","2","2","0","2","supersession-late","45881736878783","45882026416183","45882026886983","45882789476183","45882789710583","45882790057683","290008200","762589200","1053178900","1","1","286989600","false","DefaultDispatcher-worker-1","Main"
"B","40","late","true","2","2","0","2","supersession-late","45883230571483","45883549566583","45883549887183","45884311185583","45884311410083","45884311888683","319315700","761298400","1081317200","1","1","316339900","false","DefaultDispatcher-worker-1","Main"
"B","41","late","true","2","2","0","2","supersession-late","45884761080483","45885080485583","45885080752683","45885855966283","45885856211883","45885857808383","319672200","775213600","1096727900","1","1","315698900","false","DefaultDispatcher-worker-1","Main"
"B","42","late","true","2","2","0","2","supersession-late","45886293220083","45886631039683","45886631246583","45887407662083","45887408352483","45887413052183","338026500","776415500","1119832100","1","1","335607300","false","DefaultDispatcher-worker-1","Main"
"B","43","late","true","2","2","0","2","supersession-late","45887861904383","45888187399883","45888187759083","45888945297383","45888945493183","45888946509883","325854700","757538300","1084605500","1","1","322637800","false","DefaultDispatcher-worker-1","Main"
"B","44","late","true","2","2","0","2","supersession-late","45889388970583","45889748855583","45889749562183","45890499729383","45890500193483","45890502859083","360591600","750167200","1113888500","1","1","357655300","false","DefaultDispatcher-worker-1","Main"
