dataset,metric,index,value_ms
small-1000,interpolation-main-wall,0,1.1611
small-1000,interpolation-main-wall,1,0.5525
small-1000,interpolation-main-wall,2,0.9279
small-1000,interpolation-main-wall,3,1.5528
small-1000,interpolation-main-wall,4,0.9307
small-1000,interpolation-main-wall,5,0.6503
small-1000,interpolation-main-wall,6,0.8252
small-1000,interpolation-main-wall,7,0.7324
small-1000,interpolation-main-wall,8,0.7970
small-1000,interpolation-main-wall,9,0.9311
small-1000,interpolation-main-wall,10,0.9372
small-1000,interpolation-main-wall,11,1.1146
small-1000,interpolation-main-wall,12,1.0145
small-1000,interpolation-main-wall,13,1.1221
small-1000,interpolation-main-wall,14,2.5057
small-1000,interpolation-main-wall,15,1.0788
small-1000,interpolation-main-wall,16,0.8089
small-1000,interpolation-main-wall,17,1.9953
small-1000,interpolation-main-wall,18,0.9342
small-1000,interpolation-main-wall,19,0.9584
small-1000,interpolation-main-wall,20,0.5662
small-1000,interpolation-main-wall,21,0.8017
small-1000,interpolation-main-wall,22,1.0415
small-1000,interpolation-main-wall,23,0.8107
small-1000,interpolation-main-wall,24,0.7725
small-1000,interpolation-main-wall,25,0.7448
small-1000,interpolation-main-wall,26,0.7525
small-1000,interpolation-main-wall,27,0.4680
small-1000,interpolation-main-wall,28,0.6341
small-1000,interpolation-main-wall,29,0.2461
small-1000,interpolation-main-wall,30,0.7028
small-1000,interpolation-main-wall,31,0.3487
small-1000,interpolation-main-wall,32,0.3455
small-1000,interpolation-main-wall,33,0.2835
small-1000,interpolation-main-wall,34,0.2820
small-1000,interpolation-main-wall,35,0.2867
small-1000,interpolation-main-wall,36,0.2340
small-1000,interpolation-main-wall,37,0.2677
small-1000,interpolation-main-wall,38,0.3336
small-1000,interpolation-main-wall,39,0.4136
small-1000,interpolation-main-wall,40,0.4104
small-1000,interpolation-main-wall,41,0.6178
small-1000,interpolation-main-wall,42,0.1162
small-1000,interpolation-main-wall,43,0.1161
small-1000,interpolation-main-wall,44,0.1160
small-1000,interpolation-main-wall,45,0.1480
small-1000,interpolation-main-wall,46,0.0972
small-1000,interpolation-main-wall,47,0.0953
small-1000,interpolation-main-wall,48,0.0611
small-1000,interpolation-main-wall,49,0.0610
small-1000,interpolation-main-wall,50,0.0610
small-1000,interpolation-main-wall,51,0.0610
small-1000,interpolation-main-wall,52,0.0610
small-1000,interpolation-main-wall,53,0.0610
small-1000,interpolation-main-wall,54,0.0613
small-1000,interpolation-main-wall,55,0.0610
small-1000,interpolation-main-wall,56,0.0613
small-1000,interpolation-main-wall,57,0.0613
small-1000,interpolation-main-wall,58,0.0623
small-1000,interpolation-main-wall,59,0.0609
small-1000,interpolation-main-cpu,0,1.0118
small-1000,interpolation-main-cpu,1,0.5449
small-1000,interpolation-main-cpu,2,0.9205
small-1000,interpolation-main-cpu,3,1.0151
small-1000,interpolation-main-cpu,4,0.9167
small-1000,interpolation-main-cpu,5,0.6480
small-1000,interpolation-main-cpu,6,0.8143
small-1000,interpolation-main-cpu,7,0.5671
small-1000,interpolation-main-cpu,8,0.7862
small-1000,interpolation-main-cpu,9,0.9233
small-1000,interpolation-main-cpu,10,0.9271
small-1000,interpolation-main-cpu,11,0.9819
small-1000,interpolation-main-cpu,12,0.8769
small-1000,interpolation-main-cpu,13,0.7466
small-1000,interpolation-main-cpu,14,1.3674
small-1000,interpolation-main-cpu,15,0.9195
small-1000,interpolation-main-cpu,16,0.7688
small-1000,interpolation-main-cpu,17,1.0206
small-1000,interpolation-main-cpu,18,0.9228
small-1000,interpolation-main-cpu,19,0.9481
small-1000,interpolation-main-cpu,20,0.5587
small-1000,interpolation-main-cpu,21,0.5955
small-1000,interpolation-main-cpu,22,0.6536
small-1000,interpolation-main-cpu,23,0.7960
small-1000,interpolation-main-cpu,24,0.7624
small-1000,interpolation-main-cpu,25,0.7090
small-1000,interpolation-main-cpu,26,0.7200
small-1000,interpolation-main-cpu,27,0.4584
small-1000,interpolation-main-cpu,28,0.4740
small-1000,interpolation-main-cpu,29,0.2389
small-1000,interpolation-main-cpu,30,0.4099
small-1000,interpolation-main-cpu,31,0.3272
small-1000,interpolation-main-cpu,32,0.3239
small-1000,interpolation-main-cpu,33,0.2727
small-1000,interpolation-main-cpu,34,0.2646
small-1000,interpolation-main-cpu,35,0.2693
small-1000,interpolation-main-cpu,36,0.2261
small-1000,interpolation-main-cpu,37,0.2533
small-1000,interpolation-main-cpu,38,0.3110
small-1000,interpolation-main-cpu,39,0.1211
small-1000,interpolation-main-cpu,40,0.0000
small-1000,interpolation-main-cpu,41,0.0472
small-1000,interpolation-main-cpu,42,0.1069
small-1000,interpolation-main-cpu,43,0.1067
small-1000,interpolation-main-cpu,44,0.1066
small-1000,interpolation-main-cpu,45,0.1385
small-1000,interpolation-main-cpu,46,0.0883
small-1000,interpolation-main-cpu,47,0.0892
small-1000,interpolation-main-cpu,48,0.0516
small-1000,interpolation-main-cpu,49,0.0516
small-1000,interpolation-main-cpu,50,0.0517
small-1000,interpolation-main-cpu,51,0.0516
small-1000,interpolation-main-cpu,52,0.0517
small-1000,interpolation-main-cpu,53,0.0516
small-1000,interpolation-main-cpu,54,0.0519
small-1000,interpolation-main-cpu,55,0.0517
small-1000,interpolation-main-cpu,56,0.0520
small-1000,interpolation-main-cpu,57,0.0518
small-1000,interpolation-main-cpu,58,0.0529
small-1000,interpolation-main-cpu,59,0.0515
small-1000,chart-warm-wall,0,103.1673
small-1000,chart-warm-wall,1,61.2857
small-1000,chart-warm-wall,2,61.8808
small-1000,chart-warm-wall,3,79.5207
small-1000,chart-warm-wall,4,78.5921
small-1000,chart-warm-wall,5,59.8322
small-1000,chart-warm-wall,6,62.4357
small-1000,chart-warm-wall,7,75.9463
small-1000,chart-warm-wall,8,63.1220
small-1000,chart-warm-wall,9,63.4822
small-1000,chart-warm-wall,10,108.5892
small-1000,chart-warm-wall,11,64.0203
small-1000,chart-warm-wall,12,59.8971
small-1000,chart-warm-wall,13,75.6905
small-1000,chart-warm-wall,14,63.3987
small-1000,chart-warm-wall,15,61.2256
small-1000,chart-warm-wall,16,78.3582
small-1000,chart-warm-wall,17,65.2755
small-1000,chart-warm-wall,18,74.1256
small-1000,chart-warm-wall,19,64.0015
small-1000,chart-warm-wall,20,77.9236
small-1000,chart-warm-wall,21,62.9790
small-1000,chart-warm-wall,22,61.2642
small-1000,chart-warm-wall,23,62.8615
small-1000,chart-warm-wall,24,76.9147
small-1000,chart-warm-wall,25,63.5086
small-1000,chart-warm-wall,26,60.7967
small-1000,chart-warm-wall,27,80.1043
small-1000,chart-warm-wall,28,63.6549
small-1000,chart-warm-wall,29,61.7116
small-1000,chart-warm-ui-cpu,0,25.1387
small-1000,chart-warm-ui-cpu,1,26.5835
small-1000,chart-warm-ui-cpu,2,26.6187
small-1000,chart-warm-ui-cpu,3,42.2959
small-1000,chart-warm-ui-cpu,4,23.7864
small-1000,chart-warm-ui-cpu,5,25.6854
small-1000,chart-warm-ui-cpu,6,27.8698
small-1000,chart-warm-ui-cpu,7,25.6405
small-1000,chart-warm-ui-cpu,8,25.2868
small-1000,chart-warm-ui-cpu,9,19.2701
small-1000,chart-warm-ui-cpu,10,49.9221
small-1000,chart-warm-ui-cpu,11,22.8257
small-1000,chart-warm-ui-cpu,12,22.8244
small-1000,chart-warm-ui-cpu,13,37.1759
small-1000,chart-warm-ui-cpu,14,26.6544
small-1000,chart-warm-ui-cpu,15,24.6578
small-1000,chart-warm-ui-cpu,16,35.7148
small-1000,chart-warm-ui-cpu,17,25.1382
small-1000,chart-warm-ui-cpu,18,35.0782
small-1000,chart-warm-ui-cpu,19,25.0684
small-1000,chart-warm-ui-cpu,20,23.7985
small-1000,chart-warm-ui-cpu,21,25.0921
small-1000,chart-warm-ui-cpu,22,23.1079
small-1000,chart-warm-ui-cpu,23,28.4477
small-1000,chart-warm-ui-cpu,24,24.6600
small-1000,chart-warm-ui-cpu,25,26.3254
small-1000,chart-warm-ui-cpu,26,24.5180
small-1000,chart-warm-ui-cpu,27,35.7145
small-1000,chart-warm-ui-cpu,28,22.0376
small-1000,chart-warm-ui-cpu,29,24.3852
representative-8641,interpolation-main-wall,0,0.3505
representative-8641,interpolation-main-wall,1,0.2840
representative-8641,interpolation-main-wall,2,0.2073
representative-8641,interpolation-main-wall,3,0.2476
representative-8641,interpolation-main-wall,4,0.2430
representative-8641,interpolation-main-wall,5,0.2099
representative-8641,interpolation-main-wall,6,0.2463
representative-8641,interpolation-main-wall,7,0.2096
representative-8641,interpolation-main-wall,8,0.2105
representative-8641,interpolation-main-wall,9,0.2065
representative-8641,interpolation-main-wall,10,0.2611
representative-8641,interpolation-main-wall,11,0.2555
representative-8641,interpolation-main-wall,12,0.2077
representative-8641,interpolation-main-wall,13,0.2184
representative-8641,interpolation-main-wall,14,0.2044
representative-8641,interpolation-main-wall,15,0.2044
representative-8641,interpolation-main-wall,16,0.2042
representative-8641,interpolation-main-wall,17,0.2045
representative-8641,interpolation-main-wall,18,0.2050
representative-8641,interpolation-main-wall,19,0.2336
representative-8641,interpolation-main-wall,20,0.2087
representative-8641,interpolation-main-wall,21,0.2054
representative-8641,interpolation-main-wall,22,0.2183
representative-8641,interpolation-main-wall,23,0.2391
representative-8641,interpolation-main-wall,24,0.2082
representative-8641,interpolation-main-wall,25,0.2082
representative-8641,interpolation-main-wall,26,0.2081
representative-8641,interpolation-main-wall,27,0.2096
representative-8641,interpolation-main-wall,28,0.2099
representative-8641,interpolation-main-wall,29,0.2095
representative-8641,interpolation-main-wall,30,0.2198
representative-8641,interpolation-main-wall,31,0.2112
representative-8641,interpolation-main-wall,32,0.2168
representative-8641,interpolation-main-wall,33,0.2147
representative-8641,interpolation-main-wall,34,0.2098
representative-8641,interpolation-main-wall,35,0.2098
representative-8641,interpolation-main-wall,36,0.2097
representative-8641,interpolation-main-wall,37,0.2091
representative-8641,interpolation-main-wall,38,0.2090
representative-8641,interpolation-main-wall,39,0.2148
representative-8641,interpolation-main-wall,40,0.3463
representative-8641,interpolation-main-wall,41,0.3615
representative-8641,interpolation-main-wall,42,0.2379
representative-8641,interpolation-main-wall,43,0.2089
representative-8641,interpolation-main-wall,44,0.2073
representative-8641,interpolation-main-wall,45,0.2077
representative-8641,interpolation-main-wall,46,0.2177
representative-8641,interpolation-main-wall,47,0.2064
representative-8641,interpolation-main-wall,48,0.2067
representative-8641,interpolation-main-wall,49,0.2067
representative-8641,interpolation-main-wall,50,0.2071
representative-8641,interpolation-main-wall,51,0.2065
representative-8641,interpolation-main-wall,52,0.2080
representative-8641,interpolation-main-wall,53,0.2087
representative-8641,interpolation-main-wall,54,0.2320
representative-8641,interpolation-main-wall,55,0.2239
representative-8641,interpolation-main-wall,56,0.2083
representative-8641,interpolation-main-wall,57,0.2078
representative-8641,interpolation-main-wall,58,0.2082
representative-8641,interpolation-main-wall,59,0.2082
representative-8641,interpolation-main-cpu,0,0.3323
representative-8641,interpolation-main-cpu,1,0.2726
representative-8641,interpolation-main-cpu,2,0.2003
representative-8641,interpolation-main-cpu,3,0.2264
representative-8641,interpolation-main-cpu,4,0.2256
representative-8641,interpolation-main-cpu,5,0.2022
representative-8641,interpolation-main-cpu,6,0.2261
representative-8641,interpolation-main-cpu,7,0.2021
representative-8641,interpolation-main-cpu,8,0.2036
representative-8641,interpolation-main-cpu,9,0.1996
representative-8641,interpolation-main-cpu,10,0.2511
representative-8641,interpolation-main-cpu,11,0.2467
representative-8641,interpolation-main-cpu,12,0.2007
representative-8641,interpolation-main-cpu,13,0.2110
representative-8641,interpolation-main-cpu,14,0.1977
representative-8641,interpolation-main-cpu,15,0.0000
representative-8641,interpolation-main-cpu,16,0.0000
representative-8641,interpolation-main-cpu,17,0.0000
representative-8641,interpolation-main-cpu,18,0.0000
representative-8641,interpolation-main-cpu,19,0.0000
representative-8641,interpolation-main-cpu,20,0.0000
representative-8641,interpolation-main-cpu,21,0.0000
representative-8641,interpolation-main-cpu,22,0.0000
representative-8641,interpolation-main-cpu,23,0.0000
representative-8641,interpolation-main-cpu,24,0.0000
representative-8641,interpolation-main-cpu,25,0.0000
representative-8641,interpolation-main-cpu,26,0.0000
representative-8641,interpolation-main-cpu,27,0.0000
representative-8641,interpolation-main-cpu,28,0.0000
representative-8641,interpolation-main-cpu,29,0.0000
representative-8641,interpolation-main-cpu,30,0.0000
representative-8641,interpolation-main-cpu,31,0.0000
representative-8641,interpolation-main-cpu,32,0.0000
representative-8641,interpolation-main-cpu,33,0.0000
representative-8641,interpolation-main-cpu,34,0.0000
representative-8641,interpolation-main-cpu,35,0.0000
representative-8641,interpolation-main-cpu,36,0.0000
representative-8641,interpolation-main-cpu,37,0.0000
representative-8641,interpolation-main-cpu,38,0.0000
representative-8641,interpolation-main-cpu,39,0.0000
representative-8641,interpolation-main-cpu,40,0.0000
representative-8641,interpolation-main-cpu,41,0.0000
representative-8641,interpolation-main-cpu,42,0.0000
representative-8641,interpolation-main-cpu,43,0.0000
representative-8641,interpolation-main-cpu,44,0.0000
representative-8641,interpolation-main-cpu,45,0.0000
representative-8641,interpolation-main-cpu,46,0.0000
representative-8641,interpolation-main-cpu,47,0.0000
representative-8641,interpolation-main-cpu,48,0.0000
representative-8641,interpolation-main-cpu,49,0.0000
representative-8641,interpolation-main-cpu,50,0.0000
representative-8641,interpolation-main-cpu,51,0.0000
representative-8641,interpolation-main-cpu,52,0.0000
representative-8641,interpolation-main-cpu,53,0.0000
representative-8641,interpolation-main-cpu,54,0.0000
representative-8641,interpolation-main-cpu,55,0.0000
representative-8641,interpolation-main-cpu,56,0.0000
representative-8641,interpolation-main-cpu,57,0.0000
representative-8641,interpolation-main-cpu,58,0.0000
representative-8641,interpolation-main-cpu,59,0.0000
representative-8641,chart-warm-wall,0,62.5901
representative-8641,chart-warm-wall,1,86.0298
representative-8641,chart-warm-wall,2,110.1827
representative-8641,chart-warm-wall,3,76.7427
representative-8641,chart-warm-wall,4,66.5621
representative-8641,chart-warm-wall,5,60.2813
representative-8641,chart-warm-wall,6,94.0292
representative-8641,chart-warm-wall,7,60.2837
representative-8641,chart-warm-wall,8,60.3997
representative-8641,chart-warm-wall,9,79.1396
representative-8641,chart-warm-wall,10,60.9031
representative-8641,chart-warm-wall,11,62.2854
representative-8641,chart-warm-wall,12,110.3103
representative-8641,chart-warm-wall,13,65.0474
representative-8641,chart-warm-wall,14,62.1932
representative-8641,chart-warm-wall,15,62.9937
representative-8641,chart-warm-wall,16,79.6869
representative-8641,chart-warm-wall,17,86.9734
representative-8641,chart-warm-wall,18,63.4824
representative-8641,chart-warm-wall,19,78.8619
representative-8641,chart-warm-wall,20,61.8106
representative-8641,chart-warm-wall,21,62.1174
representative-8641,chart-warm-wall,22,78.9316
representative-8641,chart-warm-wall,23,78.8343
representative-8641,chart-warm-wall,24,63.9001
representative-8641,chart-warm-wall,25,59.4124
representative-8641,chart-warm-wall,26,65.3457
representative-8641,chart-warm-wall,27,75.9389
representative-8641,chart-warm-wall,28,77.8796
representative-8641,chart-warm-wall,29,91.1150
representative-8641,chart-warm-ui-cpu,0,18.5513
representative-8641,chart-warm-ui-cpu,1,23.1276
representative-8641,chart-warm-ui-cpu,2,54.3202
representative-8641,chart-warm-ui-cpu,3,26.8773
representative-8641,chart-warm-ui-cpu,4,21.9530
representative-8641,chart-warm-ui-cpu,5,23.4690
representative-8641,chart-warm-ui-cpu,6,25.9634
representative-8641,chart-warm-ui-cpu,7,22.3832
representative-8641,chart-warm-ui-cpu,8,25.0844
representative-8641,chart-warm-ui-cpu,9,22.6056
representative-8641,chart-warm-ui-cpu,10,15.4614
representative-8641,chart-warm-ui-cpu,11,23.4481
representative-8641,chart-warm-ui-cpu,12,49.6929
representative-8641,chart-warm-ui-cpu,13,20.1424
representative-8641,chart-warm-ui-cpu,14,26.2762
representative-8641,chart-warm-ui-cpu,15,27.5842
representative-8641,chart-warm-ui-cpu,16,26.4555
representative-8641,chart-warm-ui-cpu,17,31.8672
representative-8641,chart-warm-ui-cpu,18,28.3793
representative-8641,chart-warm-ui-cpu,19,22.8297
representative-8641,chart-warm-ui-cpu,20,18.3393
representative-8641,chart-warm-ui-cpu,21,21.9912
representative-8641,chart-warm-ui-cpu,22,29.1067
representative-8641,chart-warm-ui-cpu,23,18.9165
representative-8641,chart-warm-ui-cpu,24,20.8688
representative-8641,chart-warm-ui-cpu,25,19.6968
representative-8641,chart-warm-ui-cpu,26,28.6347
representative-8641,chart-warm-ui-cpu,27,17.7283
representative-8641,chart-warm-ui-cpu,28,28.5808
representative-8641,chart-warm-ui-cpu,29,40.1236
representative-8641,chart-idle-1hz-wall,0,63.2219
representative-8641,chart-idle-1hz-wall,1,64.7519
representative-8641,chart-idle-1hz-wall,2,63.2785
representative-8641,chart-idle-1hz-wall,3,64.6298
representative-8641,chart-idle-1hz-wall,4,63.3183
representative-8641,chart-idle-1hz-wall,5,65.4311
representative-8641,chart-idle-1hz-wall,6,79.2068
representative-8641,chart-idle-1hz-wall,7,61.9776
representative-8641,chart-idle-1hz-wall,8,110.8285
representative-8641,chart-idle-1hz-wall,9,65.1195
representative-8641,chart-idle-1hz-wall,10,63.4895
representative-8641,chart-idle-1hz-wall,11,63.5102
representative-8641,chart-idle-1hz-wall,12,67.1849
representative-8641,chart-idle-1hz-wall,13,81.7815
representative-8641,chart-idle-1hz-wall,14,62.5431
representative-8641,chart-idle-1hz-wall,15,96.6933
representative-8641,chart-idle-1hz-wall,16,63.2894
representative-8641,chart-idle-1hz-wall,17,64.5612
representative-8641,chart-idle-1hz-wall,18,63.1431
representative-8641,chart-idle-1hz-wall,19,63.7798
representative-8641,chart-idle-1hz-wall,20,63.9162
representative-8641,chart-idle-1hz-wall,21,79.0326
representative-8641,chart-idle-1hz-wall,22,61.6151
representative-8641,chart-idle-1hz-wall,23,65.1962
representative-8641,chart-idle-1hz-wall,24,94.9276
representative-8641,chart-idle-1hz-wall,25,64.0991
representative-8641,chart-idle-1hz-wall,26,64.2726
representative-8641,chart-idle-1hz-wall,27,62.5915
representative-8641,chart-idle-1hz-wall,28,62.9154
representative-8641,chart-idle-1hz-wall,29,79.2025
representative-8641,chart-idle-1hz-wall,30,63.4479
representative-8641,chart-idle-1hz-wall,31,80.2456
representative-8641,chart-idle-1hz-wall,32,63.8441
representative-8641,chart-idle-1hz-wall,33,79.0692
representative-8641,chart-idle-1hz-wall,34,63.4650
representative-8641,chart-idle-1hz-wall,35,63.7353
representative-8641,chart-idle-1hz-wall,36,62.3653
representative-8641,chart-idle-1hz-wall,37,94.3330
representative-8641,chart-idle-1hz-wall,38,64.4731
representative-8641,chart-idle-1hz-wall,39,93.0387
representative-8641,chart-idle-1hz-wall,40,63.5496
representative-8641,chart-idle-1hz-wall,41,82.9525
representative-8641,chart-idle-1hz-wall,42,63.6837
representative-8641,chart-idle-1hz-wall,43,79.4330
representative-8641,chart-idle-1hz-wall,44,64.6804
representative-8641,chart-idle-1hz-wall,45,84.0461
representative-8641,chart-idle-1hz-wall,46,63.4170
representative-8641,chart-idle-1hz-wall,47,65.7264
representative-8641,chart-idle-1hz-wall,48,65.5595
representative-8641,chart-idle-1hz-wall,49,62.3849
representative-8641,chart-idle-1hz-wall,50,62.7757
representative-8641,chart-idle-1hz-wall,51,61.3975
representative-8641,chart-idle-1hz-wall,52,63.8360
representative-8641,chart-idle-1hz-wall,53,63.0773
representative-8641,chart-idle-1hz-wall,54,64.5061
representative-8641,chart-idle-1hz-wall,55,61.5437
representative-8641,chart-idle-1hz-wall,56,92.1502
representative-8641,chart-idle-1hz-wall,57,62.8635
representative-8641,chart-idle-1hz-wall,58,64.2917
representative-8641,chart-idle-1hz-wall,59,83.3742
representative-8641,chart-idle-1hz-ui-cpu,0,18.1985
representative-8641,chart-idle-1hz-ui-cpu,1,26.6797
representative-8641,chart-idle-1hz-ui-cpu,2,20.8498
representative-8641,chart-idle-1hz-ui-cpu,3,21.9954
representative-8641,chart-idle-1hz-ui-cpu,4,19.3591
representative-8641,chart-idle-1hz-ui-cpu,5,21.1740
representative-8641,chart-idle-1hz-ui-cpu,6,22.7864
representative-8641,chart-idle-1hz-ui-cpu,7,22.1090
representative-8641,chart-idle-1hz-ui-cpu,8,30.5994
representative-8641,chart-idle-1hz-ui-cpu,9,20.4300
representative-8641,chart-idle-1hz-ui-cpu,10,20.0271
representative-8641,chart-idle-1hz-ui-cpu,11,21.1309
representative-8641,chart-idle-1hz-ui-cpu,12,22.5999
representative-8641,chart-idle-1hz-ui-cpu,13,19.8827
representative-8641,chart-idle-1hz-ui-cpu,14,20.0061
representative-8641,chart-idle-1hz-ui-cpu,15,19.7939
representative-8641,chart-idle-1hz-ui-cpu,16,20.8087
representative-8641,chart-idle-1hz-ui-cpu,17,19.6502
representative-8641,chart-idle-1hz-ui-cpu,18,20.5357
representative-8641,chart-idle-1hz-ui-cpu,19,17.0279
representative-8641,chart-idle-1hz-ui-cpu,20,28.0924
representative-8641,chart-idle-1hz-ui-cpu,21,20.9366
representative-8641,chart-idle-1hz-ui-cpu,22,19.4565
representative-8641,chart-idle-1hz-ui-cpu,23,23.4977
representative-8641,chart-idle-1hz-ui-cpu,24,44.6778
representative-8641,chart-idle-1hz-ui-cpu,25,19.7292
representative-8641,chart-idle-1hz-ui-cpu,26,19.7301
representative-8641,chart-idle-1hz-ui-cpu,27,19.2654
representative-8641,chart-idle-1hz-ui-cpu,28,17.0259
representative-8641,chart-idle-1hz-ui-cpu,29,22.1196
representative-8641,chart-idle-1hz-ui-cpu,30,21.4772
representative-8641,chart-idle-1hz-ui-cpu,31,20.3049
representative-8641,chart-idle-1hz-ui-cpu,32,19.3743
representative-8641,chart-idle-1hz-ui-cpu,33,19.1737
representative-8641,chart-idle-1hz-ui-cpu,34,19.7042
representative-8641,chart-idle-1hz-ui-cpu,35,21.5649
representative-8641,chart-idle-1hz-ui-cpu,36,21.0574
representative-8641,chart-idle-1hz-ui-cpu,37,21.8170
representative-8641,chart-idle-1hz-ui-cpu,38,24.6705
representative-8641,chart-idle-1hz-ui-cpu,39,39.1189
representative-8641,chart-idle-1hz-ui-cpu,40,19.6506
representative-8641,chart-idle-1hz-ui-cpu,41,21.3567
representative-8641,chart-idle-1hz-ui-cpu,42,19.5943
representative-8641,chart-idle-1hz-ui-cpu,43,21.5409
representative-8641,chart-idle-1hz-ui-cpu,44,20.4241
representative-8641,chart-idle-1hz-ui-cpu,45,17.2278
representative-8641,chart-idle-1hz-ui-cpu,46,28.0252
representative-8641,chart-idle-1hz-ui-cpu,47,22.4953
representative-8641,chart-idle-1hz-ui-cpu,48,20.3851
representative-8641,chart-idle-1hz-ui-cpu,49,17.2010
representative-8641,chart-idle-1hz-ui-cpu,50,27.7113
representative-8641,chart-idle-1hz-ui-cpu,51,23.9414
representative-8641,chart-idle-1hz-ui-cpu,52,19.5576
representative-8641,chart-idle-1hz-ui-cpu,53,20.5558
representative-8641,chart-idle-1hz-ui-cpu,54,21.6432
representative-8641,chart-idle-1hz-ui-cpu,55,20.0504
representative-8641,chart-idle-1hz-ui-cpu,56,32.9942
representative-8641,chart-idle-1hz-ui-cpu,57,17.6861
representative-8641,chart-idle-1hz-ui-cpu,58,19.7687
representative-8641,chart-idle-1hz-ui-cpu,59,21.8148
representative-8641,gesture-pan-wall,0,168.6634
representative-8641,gesture-pan-wall,1,109.7297
representative-8641,gesture-pan-wall,2,141.9412
representative-8641,gesture-pan-wall,3,107.7495
representative-8641,gesture-pan-wall,4,109.5482
representative-8641,gesture-pan-wall,5,125.9103
representative-8641,gesture-pan-wall,6,91.9768
representative-8641,gesture-pan-wall,7,126.2082
representative-8641,gesture-pan-wall,8,92.5174
representative-8641,gesture-pan-wall,9,124.7839
representative-8641,gesture-pan-wall,10,126.1887
representative-8641,gesture-pan-wall,11,139.6875
representative-8641,gesture-pan-wall,12,106.6642
representative-8641,gesture-pan-wall,13,126.2443
representative-8641,gesture-pan-wall,14,139.3858
representative-8641,gesture-pan-wall,15,109.1980
representative-8641,gesture-pan-wall,16,94.0679
representative-8641,gesture-pan-wall,17,124.6822
representative-8641,gesture-pan-wall,18,106.4115
representative-8641,gesture-pan-wall,19,112.1533
representative-8641,gesture-zoom-wall,0,93.4590
representative-8641,gesture-zoom-wall,1,78.9845
representative-8641,gesture-zoom-wall,2,93.5640
representative-8641,gesture-zoom-wall,3,64.1796
representative-8641,gesture-zoom-wall,4,61.2371
representative-8641,gesture-zoom-wall,5,62.5992
representative-8641,gesture-zoom-wall,6,55.8983
representative-8641,gesture-zoom-wall,7,86.5058
representative-8641,gesture-zoom-wall,8,76.4665
representative-8641,gesture-zoom-wall,9,61.6015
representative-8641,gesture-zoom-wall,10,39.2183
representative-8641,gesture-zoom-wall,11,68.3363
representative-8641,gesture-zoom-wall,12,61.4129
representative-8641,gesture-zoom-wall,13,77.9400
representative-8641,gesture-zoom-wall,14,75.2173
representative-8641,gesture-zoom-wall,15,93.6460
representative-8641,gesture-zoom-wall,16,79.4097
representative-8641,gesture-zoom-wall,17,78.9520
representative-8641,gesture-zoom-wall,18,63.5487
representative-8641,gesture-zoom-wall,19,62.5039
synthetic-large-17281,interpolation-main-wall,0,0.4191
synthetic-large-17281,interpolation-main-wall,1,0.4067
synthetic-large-17281,interpolation-main-wall,2,0.4074
synthetic-large-17281,interpolation-main-wall,3,0.4033
synthetic-large-17281,interpolation-main-wall,4,0.4189
synthetic-large-17281,interpolation-main-wall,5,0.4068
synthetic-large-17281,interpolation-main-wall,6,0.4202
synthetic-large-17281,interpolation-main-wall,7,0.4259
synthetic-large-17281,interpolation-main-wall,8,0.4218
synthetic-large-17281,interpolation-main-wall,9,0.4184
synthetic-large-17281,interpolation-main-wall,10,0.4180
synthetic-large-17281,interpolation-main-wall,11,0.4186
synthetic-large-17281,interpolation-main-wall,12,0.6926
synthetic-large-17281,interpolation-main-wall,13,0.5657
synthetic-large-17281,interpolation-main-wall,14,0.4222
synthetic-large-17281,interpolation-main-wall,15,0.4170
synthetic-large-17281,interpolation-main-wall,16,0.4111
synthetic-large-17281,interpolation-main-wall,17,0.4480
synthetic-large-17281,interpolation-main-wall,18,0.4151
synthetic-large-17281,interpolation-main-wall,19,0.4128
synthetic-large-17281,interpolation-main-wall,20,0.4134
synthetic-large-17281,interpolation-main-wall,21,0.4207
synthetic-large-17281,interpolation-main-wall,22,0.4202
synthetic-large-17281,interpolation-main-wall,23,0.4146
synthetic-large-17281,interpolation-main-wall,24,0.4489
synthetic-large-17281,interpolation-main-wall,25,0.4234
synthetic-large-17281,interpolation-main-wall,26,0.4232
synthetic-large-17281,interpolation-main-wall,27,0.4211
synthetic-large-17281,interpolation-main-wall,28,0.4152
synthetic-large-17281,interpolation-main-wall,29,1.9342
synthetic-large-17281,interpolation-main-wall,30,1.0032
synthetic-large-17281,interpolation-main-wall,31,0.4653
synthetic-large-17281,interpolation-main-wall,32,0.4137
synthetic-large-17281,interpolation-main-wall,33,0.4109
synthetic-large-17281,interpolation-main-wall,34,0.4180
synthetic-large-17281,interpolation-main-wall,35,0.4153
synthetic-large-17281,interpolation-main-wall,36,0.4276
synthetic-large-17281,interpolation-main-wall,37,0.4195
synthetic-large-17281,interpolation-main-wall,38,0.4289
synthetic-large-17281,interpolation-main-wall,39,0.4146
synthetic-large-17281,interpolation-main-wall,40,0.4191
synthetic-large-17281,interpolation-main-wall,41,0.4192
synthetic-large-17281,interpolation-main-wall,42,0.4157
synthetic-large-17281,interpolation-main-wall,43,0.4154
synthetic-large-17281,interpolation-main-wall,44,0.4149
synthetic-large-17281,interpolation-main-wall,45,0.5346
synthetic-large-17281,interpolation-main-wall,46,0.4775
synthetic-large-17281,interpolation-main-wall,47,0.4213
synthetic-large-17281,interpolation-main-wall,48,0.4158
synthetic-large-17281,interpolation-main-wall,49,0.4646
synthetic-large-17281,interpolation-main-wall,50,0.4212
synthetic-large-17281,interpolation-main-wall,51,0.4150
synthetic-large-17281,interpolation-main-wall,52,0.4394
synthetic-large-17281,interpolation-main-wall,53,0.4296
synthetic-large-17281,interpolation-main-wall,54,0.4415
synthetic-large-17281,interpolation-main-wall,55,0.4148
synthetic-large-17281,interpolation-main-wall,56,0.4151
synthetic-large-17281,interpolation-main-wall,57,0.4223
synthetic-large-17281,interpolation-main-wall,58,0.4443
synthetic-large-17281,interpolation-main-wall,59,0.4342
synthetic-large-17281,interpolation-main-cpu,0,0.4067
synthetic-large-17281,interpolation-main-cpu,1,0.3996
synthetic-large-17281,interpolation-main-cpu,2,0.4004
synthetic-large-17281,interpolation-main-cpu,3,0.3964
synthetic-large-17281,interpolation-main-cpu,4,0.4112
synthetic-large-17281,interpolation-main-cpu,5,0.3998
synthetic-large-17281,interpolation-main-cpu,6,0.4123
synthetic-large-17281,interpolation-main-cpu,7,0.4182
synthetic-large-17281,interpolation-main-cpu,8,0.1632
synthetic-large-17281,interpolation-main-cpu,9,0.0000
synthetic-large-17281,interpolation-main-cpu,10,0.0000
synthetic-large-17281,interpolation-main-cpu,11,0.0000
synthetic-large-17281,interpolation-main-cpu,12,0.0000
synthetic-large-17281,interpolation-main-cpu,13,0.0000
synthetic-large-17281,interpolation-main-cpu,14,0.0000
synthetic-large-17281,interpolation-main-cpu,15,0.0000
synthetic-large-17281,interpolation-main-cpu,16,0.0000
synthetic-large-17281,interpolation-main-cpu,17,0.0000
synthetic-large-17281,interpolation-main-cpu,18,0.0000
synthetic-large-17281,interpolation-main-cpu,19,0.0000
synthetic-large-17281,interpolation-main-cpu,20,0.0000
synthetic-large-17281,interpolation-main-cpu,21,0.0000
synthetic-large-17281,interpolation-main-cpu,22,0.0000
synthetic-large-17281,interpolation-main-cpu,23,0.0000
synthetic-large-17281,interpolation-main-cpu,24,0.0000
synthetic-large-17281,interpolation-main-cpu,25,0.0000
synthetic-large-17281,interpolation-main-cpu,26,0.0000
synthetic-large-17281,interpolation-main-cpu,27,0.0000
synthetic-large-17281,interpolation-main-cpu,28,0.0000
synthetic-large-17281,interpolation-main-cpu,29,0.0000
synthetic-large-17281,interpolation-main-cpu,30,0.9396
synthetic-large-17281,interpolation-main-cpu,31,0.4543
synthetic-large-17281,interpolation-main-cpu,32,0.4064
synthetic-large-17281,interpolation-main-cpu,33,0.4037
synthetic-large-17281,interpolation-main-cpu,34,0.4109
synthetic-large-17281,interpolation-main-cpu,35,0.4081
synthetic-large-17281,interpolation-main-cpu,36,0.0250
synthetic-large-17281,interpolation-main-cpu,37,0.0000
synthetic-large-17281,interpolation-main-cpu,38,0.0000
synthetic-large-17281,interpolation-main-cpu,39,0.0000
synthetic-large-17281,interpolation-main-cpu,40,0.0000
synthetic-large-17281,interpolation-main-cpu,41,0.0000
synthetic-large-17281,interpolation-main-cpu,42,0.0000
synthetic-large-17281,interpolation-main-cpu,43,0.0000
synthetic-large-17281,interpolation-main-cpu,44,0.0000
synthetic-large-17281,interpolation-main-cpu,45,0.0000
synthetic-large-17281,interpolation-main-cpu,46,0.0000
synthetic-large-17281,interpolation-main-cpu,47,0.0000
synthetic-large-17281,interpolation-main-cpu,48,0.0000
synthetic-large-17281,interpolation-main-cpu,49,0.0000
synthetic-large-17281,interpolation-main-cpu,50,0.0000
synthetic-large-17281,interpolation-main-cpu,51,0.0000
synthetic-large-17281,interpolation-main-cpu,52,0.0000
synthetic-large-17281,interpolation-main-cpu,53,0.0000
synthetic-large-17281,interpolation-main-cpu,54,0.0000
synthetic-large-17281,interpolation-main-cpu,55,0.0000
synthetic-large-17281,interpolation-main-cpu,56,0.0000
synthetic-large-17281,interpolation-main-cpu,57,0.0000
synthetic-large-17281,interpolation-main-cpu,58,0.0000
synthetic-large-17281,interpolation-main-cpu,59,0.0000
synthetic-large-17281,chart-warm-wall,0,80.7402
synthetic-large-17281,chart-warm-wall,1,64.5994
synthetic-large-17281,chart-warm-wall,2,62.3191
synthetic-large-17281,chart-warm-wall,3,62.4964
synthetic-large-17281,chart-warm-wall,4,94.3173
synthetic-large-17281,chart-warm-wall,5,62.7945
synthetic-large-17281,chart-warm-wall,6,77.3110
synthetic-large-17281,chart-warm-wall,7,78.1215
synthetic-large-17281,chart-warm-wall,8,61.4358
synthetic-large-17281,chart-warm-wall,9,63.7926
synthetic-large-17281,chart-warm-wall,10,61.5162
synthetic-large-17281,chart-warm-wall,11,93.6131
synthetic-large-17281,chart-warm-wall,12,63.0176
synthetic-large-17281,chart-warm-wall,13,61.1257
synthetic-large-17281,chart-warm-wall,14,65.3337
synthetic-large-17281,chart-warm-wall,15,75.1901
synthetic-large-17281,chart-warm-wall,16,65.1277
synthetic-large-17281,chart-warm-wall,17,61.0676
synthetic-large-17281,chart-warm-wall,18,76.8612
synthetic-large-17281,chart-warm-wall,19,64.1261
synthetic-large-17281,chart-warm-wall,20,62.4423
synthetic-large-17281,chart-warm-wall,21,60.6589
synthetic-large-17281,chart-warm-wall,22,80.1240
synthetic-large-17281,chart-warm-wall,23,62.5748
synthetic-large-17281,chart-warm-wall,24,62.4323
synthetic-large-17281,chart-warm-wall,25,75.3523
synthetic-large-17281,chart-warm-wall,26,61.8949
synthetic-large-17281,chart-warm-wall,27,61.1127
synthetic-large-17281,chart-warm-wall,28,78.1976
synthetic-large-17281,chart-warm-wall,29,61.1972
synthetic-large-17281,chart-warm-ui-cpu,0,18.1719
synthetic-large-17281,chart-warm-ui-cpu,1,20.6062
synthetic-large-17281,chart-warm-ui-cpu,2,18.1285
synthetic-large-17281,chart-warm-ui-cpu,3,19.1658
synthetic-large-17281,chart-warm-ui-cpu,4,34.7414
synthetic-large-17281,chart-warm-ui-cpu,5,18.4071
synthetic-large-17281,chart-warm-ui-cpu,6,31.1621
synthetic-large-17281,chart-warm-ui-cpu,7,28.2406
synthetic-large-17281,chart-warm-ui-cpu,8,13.6344
synthetic-large-17281,chart-warm-ui-cpu,9,18.6308
synthetic-large-17281,chart-warm-ui-cpu,10,17.5617
synthetic-large-17281,chart-warm-ui-cpu,11,37.4279
synthetic-large-17281,chart-warm-ui-cpu,12,18.8265
synthetic-large-17281,chart-warm-ui-cpu,13,16.2897
synthetic-large-17281,chart-warm-ui-cpu,14,20.8016
synthetic-large-17281,chart-warm-ui-cpu,15,17.9116
synthetic-large-17281,chart-warm-ui-cpu,16,19.8703
synthetic-large-17281,chart-warm-ui-cpu,17,19.1575
synthetic-large-17281,chart-warm-ui-cpu,18,27.4111
synthetic-large-17281,chart-warm-ui-cpu,19,17.1679
synthetic-large-17281,chart-warm-ui-cpu,20,20.3487
synthetic-large-17281,chart-warm-ui-cpu,21,17.9961
synthetic-large-17281,chart-warm-ui-cpu,22,20.1333
synthetic-large-17281,chart-warm-ui-cpu,23,18.3755
synthetic-large-17281,chart-warm-ui-cpu,24,18.4817
synthetic-large-17281,chart-warm-ui-cpu,25,26.6394
synthetic-large-17281,chart-warm-ui-cpu,26,21.1054
synthetic-large-17281,chart-warm-ui-cpu,27,16.0214
synthetic-large-17281,chart-warm-ui-cpu,28,31.3653
synthetic-large-17281,chart-warm-ui-cpu,29,19.6840
