schema_version,event_id,date,medication,dose,route,planned_time,actual_time,timing_delta,event_type,status,ester,zone_id,slot_id,source,extras_json
1,00000000-0000-0000-0000-000000000067,,E2,0.15,GEL,,2026-08-01T12:00:00.000Z,,recorded_intake,RECORDED,E2,,,LEGACY,{}
1,00000000-0000-0000-0000-00000000006d,2026-09-09,E2,7.25,ORAL,,2026-09-08T18:40:00.000Z,,recorded_intake,RECORDED,E2,Asia/Tokyo,00000000-0000-0000-0000-000000000385,REMINDER,{}
1,00000000-0000-0000-0000-00000000006c,2026-09-09,BICALUTAMIDE,25.0,ANTIANDROGEN,,2026-09-09T03:20:00.000Z,,recorded_intake,RECORDED,E2,America/New_York,,MANUAL,"{""ANTI_ANDROGEN_TYPE"":2.0,""AREA_CM2"":10.0,""CONCENTRATION_MG_ML"":6.0,""RELEASE_RATE_UG_PER_DAY"":100.0,""SUBLINGUAL_THETA"":1.0,""SUBLINGUAL_TIER"":3.0}"
1,00000000-0000-0000-0000-00000000006b,2026-09-10,,50.0,ANTIANDROGEN,,2026-09-10T20:00:00.000Z,,recorded_intake,RECORDED,E2,Asia/Tokyo,,MANUAL,{}
1,00000000-0000-0000-0000-00000000006a,,E2,0.0,PATCH_REMOVE,,2026-09-11T07:45:00.000Z,,recorded_intake,RECORDED,E2,UTC,,WEAR,{}
1,00000000-0000-0000-0000-000000000069,2026-09-12,E2,1.0,SUBLINGUAL,,2026-09-12T10:15:00.000Z,,recorded_intake,RECORDED,E2,,,WIDGET,"{""SUBLINGUAL_THETA"":0.5}"
1,00000000-0000-0000-0000-000000000068,2026-09-14,E2,0.05,PATCH_APPLY,,2026-09-13T22:00:00.000Z,,recorded_intake,RECORDED,E2,Asia/Shanghai,,REMINDER,"{""RELEASE_RATE_UG_PER_DAY"":50.0}"
1,00000000-0000-0000-0000-000000000066,2026-09-14,E2,2.0,ORAL,,2026-09-14T01:30:00.000Z,,recorded_intake,RECORDED,E2,Europe/Paris,,MANUAL,"{""SUBLINGUAL_TIER"":2.0}"
1,00000000-0000-0000-0000-000000000065,2026-09-15,EV,5.0,INJECTION,,2026-09-15T09:00:00.000Z,,recorded_intake,RECORDED,EV,Asia/Tokyo,00000000-0000-0000-0000-000000000384,MANUAL,"{""CONCENTRATION_MG_ML"":20.0}"
