scenario,events,plans,rep,plans_query_wall_ms,generation_wall_ms,chanA_wall_ms,chanB_wall_ms,union_wall_ms,projection_wall_ms,grouping_wall_ms,readrange_wall_ms,vmload_wall_ms,generation_cpu_ms,chanA_cpu_ms,chanB_cpu_ms,union_cpu_ms,projection_cpu_ms,grouping_cpu_ms,occurrences,chanA_rows,chanB_rows,union_events,entries,days,main_contiguous_ms
first,100,3,0,76.696,17.441,5.655,3.554,0.811,26.577,0.961,133.605,134.716,15.276,3.139,1.429,0.897,26.499,1.049,102,32,34,34,127,15,28.904
first,100,3,1,3.358,3.735,1.873,1.74,0.366,12.896,0.113,25.287,25.591,3.797,0.741,0.669,0.425,12.971,0.217,102,32,34,34,127,15,13.603
first,100,3,2,3.693,3.864,1.73,2.621,0.369,10.983,0.44,25.189,25.792,3.864,0.848,1.199,0.456,9.271,2.624,102,32,34,34,127,15,12.443
first,100,3,3,2.762,3.729,2.106,1.896,0.239,10.607,0.175,22.519,23.021,3.756,0.972,0.788,0.308,10.527,0.294,102,32,34,34,127,15,11.196
first,100,3,4,2.948,4.065,1.899,1.778,0.362,7.435,0.244,20.118,20.619,4.114,0.847,0.95,0.497,7.528,0.39,102,32,34,34,127,15,8.278
first,100,3,5,2.65,3.406,2.115,1.677,0.394,7.962,0.218,19.362,19.742,3.391,0.983,0.736,0.497,8.053,0.375,102,32,34,34,127,15,8.82
first,100,3,6,2.812,2.747,1.676,2.994,0.352,7.174,0.175,19.381,19.979,2.69,0.772,0.807,0.458,7.269,0.285,102,32,34,34,127,15,7.904
first,100,3,7,3.714,2.616,1.535,1.552,0.358,6.012,0.159,17.626,18.396,2.659,0.636,0.705,0.471,6.114,0.282,102,32,34,34,127,15,7.258
first,100,3,8,2.874,2.137,1.882,1.74,0.332,6.645,0.263,16.851,17.254,2.24,0.991,0.867,0.44,6.755,0.372,102,32,34,34,127,15,7.458
first,100,3,9,3.108,3.095,1.604,2.1,0.333,6.458,0.215,17.766,18.136,3.191,0.691,0.849,0.429,6.537,0.313,102,32,34,34,127,15,7.184
first,100,3,10,8.028,3.066,1.722,1.569,0.343,6.537,0.214,22.494,22.777,3.177,0.948,0.723,0.448,6.629,0.313,102,32,34,34,127,15,7.435
first,100,3,11,3.196,2.185,1.722,1.479,0.28,6.344,0.235,16.37,16.68,2.296,1.088,0.634,0.386,6.184,0.341,102,32,34,34,127,15,7.055
first,100,3,12,2.62,2.167,2.373,2.028,0.447,7.38,0.204,18.194,18.653,2.241,0.922,0.837,0.735,7.242,0.109,102,32,34,34,127,15,8.228
first,100,3,13,4.723,3.266,2.492,2.168,0.685,7.398,0.133,22.18,22.667,3.349,1.323,1.139,0.821,7.521,0.348,102,32,34,34,127,15,8.559
first,100,3,14,4.182,2.397,2.282,3.083,0.354,6.363,0.321,20.647,21.245,2.326,1.045,0.785,0.461,6.117,1.203,102,32,34,34,127,15,7.695
first,100,3,15,2.871,3.465,1.574,1.641,0.242,5.526,0.13,16.396,16.75,3.69,0.645,0.603,0.35,5.603,0.24,102,32,34,34,127,15,6.085
first,100,3,16,2.565,2.204,1.456,1.313,0.321,5.432,0.336,14.672,15.083,2.306,0.54,0.628,0.414,5.676,0.445,102,32,34,34,127,15,6.491
first,100,3,17,2.403,2.158,1.324,1.42,0.389,5.784,0.107,14.432,14.76,2.266,0.668,0.755,0.374,5.891,0.247,102,32,34,34,127,15,6.508
first,100,3,18,3.016,2.147,1.809,1.587,0.442,5.186,0.231,15.408,15.807,2.271,0.88,0.613,0.538,5.298,0.34,102,32,34,34,127,15,6.081
first,100,3,19,2.314,2.388,1.43,1.637,0.235,6.576,0.114,15.658,15.948,2.521,0.711,0.583,0.329,6.696,0.231,102,32,34,34,127,15,7.274
first,100,3,20,3.194,2.054,1.498,1.296,0.307,5.238,0.152,14.537,14.82,2.167,0.621,0.686,0.395,5.329,0.107,102,32,34,34,127,15,5.89
first,100,3,21,2.662,1.862,1.292,1.786,0.421,5.225,0.191,14.303,14.598,1.907,0.652,0.953,0.424,5.278,0.216,102,32,34,34,127,15,6.082
first,100,3,22,3.143,1.945,1.229,1.22,0.376,5.277,0.169,14.314,14.562,1.985,0.583,0.568,0.494,5.349,0.21,102,32,34,34,127,15,6.057
first,100,3,23,2.592,2.227,1.174,1.288,0.267,5.52,0.151,14.025,14.264,2.334,0.577,0.649,0.37,5.181,0.272,102,32,34,34,127,15,6.142
first,100,3,24,3.288,2.156,1.276,1.233,0.262,5.278,0.208,14.61,14.946,2.197,0.645,0.563,0.331,4.722,0.364,102,32,34,34,127,15,6.058
first,100,3,25,2.221,2.076,1.851,1.291,0.418,5.85,0.19,15.084,15.374,2.388,0.672,0.696,0.344,5.735,0.299,102,32,34,34,127,15,6.678
first,100,3,26,2.047,2.338,1.361,1.017,0.224,5.844,0.107,13.775,14.037,2.438,0.787,0.502,0.305,5.559,0.209,102,32,34,34,127,15,6.361
first,100,3,27,2.27,2.588,1.864,1.121,0.237,7.145,0.132,16.171,16.494,2.693,1.398,0.51,0.335,6.439,0.238,102,32,34,34,127,15,7.708
first,100,3,28,3.179,2.47,1.865,2.033,0.448,5.92,0.171,17.112,17.618,2.575,0.646,0.741,0.782,5.835,0,102,32,34,34,127,15,6.722
first,100,3,29,2.83,2.091,1.726,1.635,0.348,5.271,0.372,15.532,15.911,2.195,1.289,0.884,0.458,5.28,0.476,102,32,34,34,127,15,6.186
first,1000,3,0,75.6,16.764,15.897,14.123,2.978,97.678,1.056,225.695,227.06,15.371,5.086,4.377,3.077,96.931,1.138,102,340,362,362,455,15,102.01
first,1000,3,1,2.777,3.187,10.866,11.887,1.967,48.863,0.197,80.838,81.558,3.058,2.785,2.979,2.106,45.721,0.399,102,340,362,362,455,15,51.351
first,1000,3,2,4.841,4.663,9.377,8.649,1.722,46.056,0.254,76.826,77.486,3.111,3.523,2.646,1.72,43.447,0.389,102,340,362,362,455,15,48.469
first,1000,3,3,2.484,3.4,7.151,7.397,2.785,44.302,0.305,69.08,69.371,3.326,2.514,2.552,2.512,43.769,0.485,102,340,362,362,455,15,47.651
first,1000,3,4,2.153,2.435,6.973,6.671,1.365,50.998,0.267,72.291,72.756,2.525,2.255,2.446,1.481,47.629,0.286,102,340,362,362,455,15,53.204
first,1000,3,5,3.382,2.387,6.22,6.836,1.086,80.767,0.312,101.907,102.365,2.374,2.34,2.989,1.242,57.539,0.527,102,340,362,362,455,15,82.474
first,1000,3,6,4.101,6.137,5.863,6.106,1.237,53.402,0.238,77.921,78.278,3.971,2.286,2.88,1.359,47.455,0.367,102,340,362,362,455,15,55.114
first,1000,3,7,2.777,2.334,5.955,5.211,0.946,54.257,0.289,73.059,73.606,2.446,2.729,2.228,1.061,48.721,0.452,102,340,362,362,455,15,55.747
first,1000,3,8,2.535,2.367,5.032,4.975,0.848,53.122,0.165,69.891,70.267,2.452,1.698,2.175,0.967,46.776,0.258,102,340,362,362,455,15,54.343
first,1000,3,9,3.039,2.221,4.934,4.496,1.235,53.936,0.169,70.867,71.289,2.319,1.778,1.981,1.348,48.447,0.085,102,340,362,362,455,15,55.607
first,1000,3,10,2.8,2.03,4.722,4.652,0.689,50.69,0.165,66.563,66.867,2.137,1.974,2.207,0.798,45.149,0.287,102,340,362,362,455,15,51.748
first,1000,3,11,2.216,2.242,4.883,4.468,1.072,49.873,0.193,65.981,67.44,2.217,1.782,1.963,1.182,44.277,0.316,102,340,362,362,455,15,51.388
first,1000,3,12,1.807,2.262,4.57,5.263,0.804,52.271,0.218,68.073,68.388,2.299,1.555,1.736,0.84,46.377,0.299,102,340,362,362,455,15,53.555
first,1000,3,13,2.245,2.077,5.39,5.049,0.924,49.872,0.168,66.706,67.078,2.068,1.674,2.635,0.999,45.776,0.303,102,340,362,362,455,15,51.216
first,1000,3,14,2.671,2.45,5.184,7.847,0.658,49.504,0.246,69.974,70.946,2.558,1.735,1.766,0.741,43.841,0.31,102,340,362,362,455,15,50.853
first,1000,3,15,2.31,2.775,4.518,4.737,0.915,52.637,0.235,69.236,69.661,2.858,1.685,1.852,0.929,45.778,0.33,102,340,362,362,455,15,54.084
first,1000,3,16,2.219,1.877,5.189,3.799,1.443,50.62,0.237,66.646,67.121,1.887,1.612,1.514,1.38,43.207,0.362,102,340,362,362,455,15,52.588
first,1000,3,17,2.331,2.537,3.956,4.722,0.963,50.32,0.199,65.919,66.388,2.616,1.645,1.866,1.073,44.193,0.34,102,340,362,362,455,15,51.732
first,1000,3,18,3.001,2.199,4.249,4.683,0.749,47.857,0.235,63.806,64.135,2.332,1.53,1.515,0.854,42.731,0.36,102,340,362,362,455,15,49.055
first,1000,3,19,2.211,2.517,4.298,3.978,0.906,51.945,0.33,67.192,67.629,2.549,1.678,1.662,1.02,43.531,0.466,102,340,362,362,455,15,53.424
first,1000,3,20,2.394,2.159,4.516,4.171,0.839,49.63,0.265,64.885,65.631,2.255,1.595,1.691,0.958,44.282,0.392,102,340,362,362,455,15,50.973
first,1000,3,21,2.409,2.456,4.252,5.315,1.031,49.379,0.099,66.58,67.112,2.638,1.665,2.828,1.178,42.768,0,102,340,362,362,455,15,50.749
first,1000,3,22,2.81,2.436,4.869,4.298,0.609,50.753,0.106,66.794,67.12,2.505,2.275,1.866,0.736,44.632,0.239,102,340,362,362,455,15,51.699
first,1000,3,23,2.462,2.224,4.843,4.087,1.149,47.851,0.208,63.816,64.23,2.398,1.769,1.851,1.228,42.741,0.329,102,340,362,362,455,15,49.435
first,1000,3,24,2.746,2.186,4.455,4.731,0.626,50.962,0.106,67.186,67.655,2.314,1.914,1.716,0.733,45.689,0.323,102,340,362,362,455,15,52.296
first,1000,3,25,2.509,2.105,4.511,4.118,0.596,48.985,0.271,64.598,65.053,2.491,1.58,1.584,0.712,43.063,0.405,102,340,362,362,455,15,50.075
first,1000,3,26,2.819,2.039,4.55,3.957,0.601,48.73,0.178,63.805,64.271,2.141,1.633,1.63,0.703,43.281,0.31,102,340,362,362,455,15,49.72
first,1000,3,27,2.545,2.77,5.117,4.832,0.652,48.972,0.162,66.092,66.524,2.868,1.836,2.3,0.775,43.348,0.3,102,340,362,362,455,15,50.021
first,1000,3,28,2.673,2.098,4.069,4.126,0.649,47.067,0.16,61.724,62.132,2.189,1.451,1.733,0.79,41.216,0.291,102,340,362,362,455,15,48.121
first,1000,3,29,2.638,1.981,4.422,4.029,0.712,48.16,0.245,63.247,63.852,2.133,1.782,1.568,0.9,42.294,0.362,102,340,362,362,455,15,49.338
first,1000,1,0,72.274,14.979,16.159,13.703,3.606,59.418,0.995,182.675,184.269,13.162,5.555,6.182,3.676,59.255,1.086,34,340,362,362,362,15,64.332
first,1000,1,1,3.417,1.273,10.398,11.076,2.046,26.897,0.381,57.013,57.391,1.308,3.106,2.763,2.131,26.756,0.755,34,340,362,362,362,15,29.954
first,1000,1,2,2.048,1.782,7.836,8.439,1.571,20.218,0.164,43.101,43.406,1.679,2.941,3.465,1.674,20.332,0.268,34,340,362,362,362,15,22.255
first,1000,1,3,2.037,1.146,6.349,8.117,1.891,19.996,0.171,40.88,41.481,1.168,2.21,3.287,1.984,19.97,0.271,34,340,362,362,362,15,22.339
first,1000,1,4,1.975,0.825,6.043,7.637,1.418,18.303,0.175,37.382,37.739,0.873,2.172,2.176,1.493,18.158,0.28,34,340,362,362,362,15,20.187
first,1000,1,5,1.93,0.627,7.918,6.647,1.115,18.9,0.276,38.408,38.791,0.699,2.499,2.249,1.22,18.88,0.4,34,340,362,362,362,15,20.598
first,1000,1,6,2.034,1.173,5.788,6.226,1.282,19.34,0.459,37.346,38.31,1.234,1.914,2.614,1.339,19.051,0.522,34,340,362,362,362,15,21.343
first,1000,1,7,2.541,0.652,5.213,6.964,1.285,17.886,0.229,36.4,36.876,0.723,1.797,2.205,1.369,17.947,0.314,34,340,362,362,362,15,19.679
first,1000,1,8,2.437,0.615,4.527,5.381,0.936,20.323,0.286,35.819,36.286,0.683,1.742,1.888,1.023,20.358,0.136,34,340,362,362,362,15,21.869
first,1000,1,9,2.075,0.707,4.878,5.304,0.99,19.694,0.199,35.429,35.777,0.837,1.58,2.115,1.258,19.398,0.311,34,340,362,362,362,15,21.194
first,1000,1,10,2.282,0.708,4.426,4.712,0.835,19.155,0.265,33.778,34.166,0.744,1.809,1.775,0.827,17.719,0.345,34,340,362,362,362,15,20.55
first,1000,1,11,2.478,0.987,4.792,4.928,0.807,19.172,0.252,34.798,35.077,1.135,1.854,1.861,0.836,19.121,0.36,34,340,362,362,362,15,20.561
first,1000,1,12,2.083,0.676,4.659,4.784,0.688,18.972,0.274,33.31,33.82,0.759,1.58,1.568,0.758,18.65,0.368,34,340,362,362,362,15,20.336
first,1000,1,13,2.281,0.989,4.64,5.021,1.04,18.455,0.342,33.865,34.274,1.073,1.641,1.932,1.06,18.166,0.407,34,340,362,362,362,15,20.272
first,1000,1,14,3.066,0.66,21.3,8.83,0.959,28.654,0.247,64.915,65.493,0.732,3.022,2.123,0.998,20.717,0.347,34,340,362,362,362,15,30.136
first,1000,1,15,2.328,0.803,4.774,4.404,0.986,24.394,0.158,39.087,39.558,0.873,1.986,1.632,1.038,20.022,0.256,34,340,362,362,362,15,25.783
first,1000,1,16,2.308,0.77,5.69,4.83,0.848,25.02,0.307,40.842,41.29,0.839,1.804,1.728,0.867,20.955,0.294,34,340,362,362,362,15,26.45
first,1000,1,17,1.925,1.405,4.04,5.052,1.05,20.236,0.164,34.875,35.244,1.233,1.373,2.472,1.047,18.588,0.252,34,340,362,362,362,15,21.672
first,1000,1,18,2.515,0.711,5.054,4.978,0.85,24.689,0.205,40.102,40.734,0.75,1.849,2.394,0.88,21.249,0.365,34,340,362,362,362,15,26.009
first,1000,1,19,2.162,0.658,4.162,3.674,0.816,25.371,0.159,37.942,38.211,0.697,1.942,1.39,0.947,18.656,0.13,34,340,362,362,362,15,26.608
first,1000,1,20,2.48,0.625,4.4,3.863,0.719,24.476,0.229,37.724,38.08,0.687,1.703,1.544,0.794,20.854,0.324,34,340,362,362,362,15,25.676
first,1000,1,21,2.596,0.732,4.454,5.19,0.994,20.487,0.343,35.863,36.228,0.801,1.462,2.26,1.049,19.105,0.427,34,340,362,362,362,15,22.215
first,1000,1,22,3.51,1.074,4.564,5.121,0.668,27.96,0.44,44.835,45.329,1.089,1.824,1.704,0.766,21.457,0.686,34,340,362,362,362,15,29.548
first,1000,1,23,2.246,0.589,4.636,5.127,0.614,20.085,0.265,34.497,35.001,0.656,1.709,2.068,0.66,17.792,0.373,34,340,362,362,362,15,21.223
first,1000,1,24,2.238,0.89,3.74,5.029,0.798,22.952,0.3,36.947,37.405,0.93,1.468,2.156,0.741,19.286,0.406,34,340,362,362,362,15,24.362
first,1000,1,25,2.426,0.719,3.816,4.322,0.656,24.312,0.165,37.773,38.205,0.76,1.398,1.568,0.666,20.75,0.265,34,340,362,362,362,15,25.425
first,1000,1,26,2.718,0.664,3.905,4.239,0.7,23.043,0.206,36.521,37.042,0.703,1.429,1.658,0.765,19.17,0.288,34,340,362,362,362,15,24.217
first,1000,1,27,2.294,1.152,3.9,4.175,0.643,25.386,0.239,39.216,39.625,1.196,1.623,2.024,0.823,20.644,0.353,34,340,362,362,362,15,26.565
first,1000,1,28,2.695,0.894,4.086,4.215,0.58,23.568,0.235,37.278,38.034,0.929,1.741,1.695,0.651,19.572,0.318,34,340,362,362,362,15,24.674
first,1000,1,29,2.275,0.674,5.228,4.06,0.62,22.75,0.095,36.522,37.277,0.692,2.138,1.598,0.671,18.609,0.187,34,340,362,362,362,15,23.657
first,1000,8,0,74.342,24.891,16.416,12.908,4.142,164.292,1.055,299.837,301.579,22.401,4.931,3.928,4.112,162.201,1.105,272,340,362,362,610,15,170.075
first,1000,8,1,3.392,8.829,11.113,11.79,2.257,103.803,0.218,142.586,143.131,8.696,3.793,2.816,2.32,103.792,0.337,272,340,362,362,610,15,106.64
first,1000,8,2,3.624,28.028,8.71,9.063,1.868,131.041,0.206,183.921,184.282,10.092,2.756,2.614,1.887,118.941,0.314,272,340,362,362,610,15,133.397
first,1000,8,3,3.076,8.041,7.444,11.368,2.753,127.103,0.242,161.237,161.582,7.939,2.67,2.757,2.907,113.346,0.325,272,340,362,362,610,15,130.431
first,1000,8,4,3.312,8.742,5.984,5.685,2.173,134.022,0.473,161.567,162.074,8.132,2.102,1.999,2.241,118.435,0.487,272,340,362,362,610,15,137.001
first,1000,8,5,4.638,7.505,10.062,5.71,1.394,126.478,0.402,157.579,157.892,7.446,2.264,2.152,1.454,110.127,0.497,272,340,362,362,610,15,128.522
first,1000,8,6,3.118,7.563,9.076,6.822,1.626,133.186,0.234,162.733,163.073,7.435,2.192,2.841,1.66,117.96,0.315,272,340,362,362,610,15,135.42
first,1000,8,7,3.634,7.133,6.162,4.813,1.03,131.667,0.238,155.803,156.224,6.948,2.273,1.764,1.104,115.061,0.323,272,340,362,362,610,15,133.214
first,1000,8,8,3.31,7.891,8.976,4.838,0.835,123.185,0.25,150.532,151.526,7.156,1.819,2.037,0.924,109.025,0.427,272,340,362,362,610,15,124.725
first,1000,8,9,2.72,8.334,5.669,4.696,1.286,126.147,0.244,150.372,150.656,8.125,1.821,1.866,1.382,112.003,0.35,272,340,362,362,610,15,128.014
first,1000,8,10,3.084,7.302,4.864,8.115,1.098,126.639,0.336,152.67,153.301,7.132,2.173,2.757,1.124,111.192,0.411,272,340,362,362,610,15,128.339
first,1000,8,11,2.931,7.443,5.459,5.238,0.886,127.188,0.236,150.324,150.718,7.368,1.872,1.833,0.965,111.593,0.314,272,340,362,362,610,15,128.596
first,1000,8,12,3.603,7.45,4.398,5.552,0.876,118.482,0.274,141.853,142.225,7.475,1.69,2.11,0.924,104.1,0.376,272,340,362,362,610,15,119.899
first,1000,8,13,3.107,7.885,5.464,9.488,0.701,124.036,0.212,151.982,152.432,7.784,1.778,2.217,0.802,109.7,0.322,272,340,362,362,610,15,125.289
first,1000,8,14,3.124,8.755,5.033,6.726,0.743,122.96,0.428,150.347,150.903,8.843,1.58,2.609,0.847,109.591,0.533,272,340,362,362,610,15,124.835
first,1000,8,15,3.147,7.617,7.904,4.69,0.716,124.844,0.276,150.047,150.508,7.394,1.974,2.127,0.803,106.45,0.386,272,340,362,362,610,15,126.082
first,1000,8,16,2.884,7.367,4.545,4.932,1.339,126.342,0.277,148.892,149.189,7.313,1.927,1.88,1.538,107.512,0.351,272,340,362,362,610,15,128.232
first,1000,8,17,4.328,7.655,5.23,5.409,0.736,119.41,0.241,145.451,145.756,7.112,1.95,1.809,0.786,105.575,0.317,272,340,362,362,610,15,120.684
first,1000,8,18,2.933,6.745,5.11,3.953,0.74,121.404,0.106,142.282,142.926,6.695,2.127,1.453,1.062,106.4,0.208,272,340,362,362,610,15,122.444
first,1000,8,19,3.697,6.92,8.069,3.959,0.832,122.191,0.226,147.323,147.678,6.804,2.431,1.541,0.911,104.951,0.309,272,340,362,362,610,15,123.921
first,1000,8,20,2.76,11.738,6.33,4.753,0.702,121.296,0.135,148.886,149.68,8.518,2.833,1.875,0.747,103.779,0.333,272,340,362,362,610,15,122.522
first,1000,8,21,2.859,6.668,5.134,5.561,1.313,129.104,0.214,152.95,153.319,6.805,1.567,1.826,1.299,109.228,0.258,272,340,362,362,610,15,130.941
first,1000,8,22,3.362,7.35,7.534,4.172,0.572,123.835,0.101,147.968,148.542,7.321,2.526,2.636,0.647,108.491,0.198,272,340,362,362,610,15,124.679
first,1000,8,23,3.115,7.328,4.398,5.422,1.956,114.719,0.102,137.973,138.253,7.979,2.306,1.624,0.93,101.01,0.214,272,340,362,362,610,15,117.019
first,1000,8,24,3.303,10.542,5.942,4.85,0.69,116.074,0.308,142.873,143.173,8.135,2.718,1.677,0.787,103.806,0.457,272,340,362,362,610,15,117.435
first,1000,8,25,3.548,6.668,4.63,5.534,0.59,127.324,0.139,149.8,150.151,6.706,1.606,2.674,0.667,108.306,0.269,272,340,362,362,610,15,128.528
first,1000,8,26,4.96,9.215,5.631,6.414,0.65,119.992,0.137,148.078,148.48,6.732,2.165,2.262,0.7,106.339,0.214,272,340,362,362,610,15,121.1
first,1000,8,27,4.377,8.324,4.942,6.245,2.863,116.129,0.114,144.912,145.344,6.676,1.556,2.568,1.12,104.499,0.331,272,340,362,362,610,15,119.567
first,1000,8,28,4.472,8.974,10.517,4.308,0.853,120.929,0.221,151.355,151.722,7.201,2.886,1.493,0.838,107.495,0.272,272,340,362,362,610,15,122.264
first,1000,8,29,6.262,8.178,4.346,3.952,0.439,122.924,0.136,147.281,147.672,6.99,1.53,1.393,0.515,110.083,0.241,272,340,362,362,610,15,123.754
month,100,3,0,47.786,12.746,6.879,11.756,6.11,68.797,0.192,157.336,167.418,9.05,2.158,2.25,1.157,44.416,0.362,198,72,74,74,272,31,75.362
month,100,3,1,2.977,8.747,3.746,3.201,0.415,23.509,0.147,43.944,44.636,5.192,0.976,0.772,0.45,13.031,0.289,198,72,74,74,272,31,24.566
month,100,3,2,4.925,4.715,2.874,2.986,0.18,20.379,0.106,37.17,37.662,4.173,0.622,0.655,0.265,17.776,0.198,198,72,74,74,272,31,20.81
month,100,3,3,5.242,7.201,3.63,3.447,0.246,24.005,0.983,46.229,47.076,5.252,1.482,0.844,0.336,17.157,0.319,198,72,74,74,272,31,25.478
month,100,3,4,4.668,3.63,5.821,3.039,0.158,21.38,0.09,40.244,40.638,3.743,1.365,0.591,0.228,10.767,0,198,72,74,74,272,31,21.783
month,100,3,5,3.477,4.638,3.234,4.426,0.172,24.159,0.575,42.191,42.68,4.621,0.572,0.68,0.248,16.843,0.236,198,72,74,74,272,31,25.132
month,100,3,6,3.874,3.7,2.924,1.709,0.229,20.737,0.154,34.951,35.334,3.552,0.627,0.546,0.304,18,0.27,198,72,74,74,272,31,21.585
month,100,3,7,3.341,4.464,2.168,1.733,0.251,22.855,0.386,37.04,37.67,3.999,0.398,0.645,0.341,19.273,0.571,198,72,74,74,272,31,24.609
month,100,3,8,3.418,4.368,2.322,2.267,0.274,22.401,0.289,36.471,36.9,4.326,0.851,0.7,0.28,19.548,0.416,198,72,74,74,272,31,23.313
month,100,3,9,3.384,3.98,1.693,1.933,0.258,18.027,0.154,31.965,32.384,4.237,0.585,0.575,0.346,16.413,0.259,198,72,74,74,272,31,18.846
month,100,3,10,2.416,5.167,6.636,2.085,0.277,19.673,0.088,37.555,37.897,5.089,1.123,0.739,0.327,18.246,0.196,198,72,74,74,272,31,20.417
month,100,3,11,3.329,2.969,2.7,1.681,0.16,17.739,0.168,29.991,30.322,3.116,0.778,0.6,0.229,16.119,0.271,198,72,74,74,272,31,18.299
month,100,3,12,3.275,4.267,1.905,1.755,0.193,19.035,0.46,34.501,35.097,4.315,0.738,0.456,0.273,16.136,0.365,198,72,74,74,272,31,19.905
month,100,3,13,3.565,5.63,1.909,2.323,0.312,20.993,0.135,36.104,36.392,5.417,0.804,0.928,0.332,19.068,0.26,198,72,74,74,272,31,21.763
month,100,3,14,3.956,4.678,2.501,2.237,0.291,23.588,0.172,38.593,38.981,4.764,0.966,0.723,0.358,21.462,0.238,198,72,74,74,272,31,24.367
month,100,3,15,3.393,5.052,3.652,2.052,0.25,23.002,0.427,38.768,39.039,4.077,0.815,0.842,0.376,19.943,0.27,198,72,74,74,272,31,23.933
month,100,3,16,3.458,4.392,2.097,1.39,0.325,21.424,0.284,34.66,35.07,4.464,1.005,0.502,0.39,19.842,0.335,198,72,74,74,272,31,22.55
month,100,3,17,4.022,8.762,3.499,3.196,0.324,77.364,0.193,99.015,99.456,7.618,1.014,0.772,0.408,73.242,0.277,198,72,74,74,272,31,78.765
month,100,3,18,6.346,4.329,2.359,2.114,0.304,45.708,0.158,62.733,63.215,3.681,0.801,0.786,0.372,41.051,0.443,198,72,74,74,272,31,46.636
month,100,3,19,3.32,4.132,1.735,2.106,0.273,50.59,0.195,63.619,64,3.904,0.726,0.999,0.374,46.954,0.309,198,72,74,74,272,31,51.51
month,100,3,20,2.026,3.176,2.283,1.481,0.224,21.137,0.198,31.594,31.944,3.144,0.737,0.544,0.286,19.46,0.282,198,72,74,74,272,31,21.89
month,100,3,21,4.905,4.568,1.93,2.339,0.484,22.153,0.234,37.867,38.241,4.655,0.712,0.818,0.514,19.804,0.341,198,72,74,74,272,31,23.216
month,100,3,22,2.726,4.09,3.763,5.604,0.327,20.536,0.2,38.345,38.725,4.122,1.073,0.994,0.487,18.702,0.244,198,72,74,74,272,31,21.423
month,100,3,23,3.729,3.344,3.059,2.079,0.351,20.18,0.215,34.656,35.338,3.299,0.811,1.083,0.429,18.238,0.391,198,72,74,74,272,31,21.189
month,100,3,24,2.773,2.896,2.08,1.128,0.114,39.151,0.157,49.2,49.544,2.988,0.684,0.382,0.2,35.668,0.307,198,72,74,74,272,31,39.66
month,100,3,25,2.456,3.706,1.566,1.034,0.151,17.617,0.16,27.668,28.124,3.609,0.199,0.361,0.186,15.248,0.242,198,72,74,74,272,31,18.167
month,100,3,26,3.476,3.357,2.067,1.163,0.229,17.232,0.089,28.455,28.692,3.435,0.621,0.355,0.251,14.708,0.193,198,72,74,74,272,31,17.814
month,100,3,27,2.03,3.668,1.85,1.556,0.2,18.361,0.144,28.62,28.919,3.733,0.492,0.548,0.253,15.858,0.221,198,72,74,74,272,31,18.946
month,100,3,28,2.429,3.334,1.372,1.715,0.389,16.596,0.231,26.899,27.287,3.3,0.463,0.578,0.464,14.503,0.277,198,72,74,74,272,31,17.486
month,100,3,29,2.001,4.037,1.677,1.589,0.128,18.605,0.172,29.094,29.411,3.876,0.542,0.463,0.192,16.184,0.247,198,72,74,74,272,31,19.116
month,1000,3,0,4.234,9.304,20.287,15.484,7.584,165.726,0.527,224.945,225.399,6.255,4.519,4.4,4.578,148.284,0.6,198,704,726,726,924,31,174.36
month,1000,3,1,5.528,4.442,11.782,9.903,1.889,164.446,0.191,199.252,199.615,3.684,3.59,3.512,1.974,146.749,0.272,198,704,726,726,924,31,166.815
month,1000,3,2,4.594,6.698,8.082,9.851,1.508,157.34,0.128,189.036,189.353,4.322,2.783,2.551,1.582,139.445,0.225,198,704,726,726,924,31,159.228
month,1000,3,3,5.601,4.036,9.18,8.689,1.286,154.427,0.15,184.56,184.849,3.578,3.309,3.647,1.377,135.534,0.256,198,704,726,726,924,31,156.163
month,1000,3,4,3.592,3.968,8.21,8.528,0.995,149.211,0.208,176.172,176.454,3.919,3.297,3.348,1.417,133.795,0.295,198,704,726,726,924,31,150.734
month,1000,3,5,3.546,3.57,8.143,13.245,0.769,197.166,0.269,228.737,229.25,3.432,2.091,2.464,0.87,155.117,0,198,704,726,726,924,31,198.686
month,1000,3,6,6.69,4.023,7.642,7.936,1.435,190.644,0.228,219.724,220.09,4.034,1.946,3.236,1.523,152.271,0.282,198,704,726,726,924,31,192.63
month,1000,3,7,2.683,3.592,7.656,11.606,1.61,184.363,0.175,213.447,213.876,3.591,3.246,3.171,1.764,138.568,0,198,704,726,726,924,31,186.682
month,1000,3,8,2.309,3.867,5.422,8.67,1.367,219.325,0.416,243.193,243.851,3.289,0,8.104,1.607,173.275,0.439,198,704,726,726,924,31,221.455
month,1000,3,9,6.268,3.78,8.188,9.886,0.851,186.497,0.25,217.369,217.747,3.302,2.21,3.368,0.947,134.606,5.145,198,704,726,726,924,31,188.396
month,1000,3,10,3.699,4.158,5.729,7.559,1.293,194.654,0.27,218.864,219.496,3.678,0.278,0.794,0,144.604,0,198,704,726,726,924,31,196.694
month,1000,3,11,3.478,4.009,6.782,7.887,1.299,183.993,0.165,208.616,209.034,3.638,1.736,3.32,1.39,141.809,0.199,198,704,726,726,924,31,185.767
month,1000,3,12,3.489,3.144,6.3,8.117,1.405,188.363,0.224,212.285,212.694,3.221,1.749,1.939,1.404,147.386,0,198,704,726,726,924,31,190.318
month,1000,3,13,3.028,3.238,8.393,8.996,1.523,189.594,0.486,219.703,220.236,3.312,2.836,3.491,1.644,170.07,1.058,198,704,726,726,924,31,192.145
month,1000,3,14,2.113,5.935,7.386,8.208,0.934,191.625,0.214,217.679,218.099,5.42,3.135,3.828,1.038,170.12,0.289,198,704,726,726,924,31,193.133
month,1000,3,15,3.572,3.73,11.613,7.403,0.86,190.244,0.111,218.714,219.066,3.678,4.087,2.319,0.979,170.966,0.248,198,704,726,726,924,31,191.546
month,1000,3,16,4.343,4.937,6.933,8.094,0.648,198.188,0.434,224.805,225.366,4.365,2.545,3.857,0.733,178.03,0.466,198,704,726,726,924,31,199.573
month,1000,3,17,2.927,5.468,6.491,7.029,0.91,205.764,1.07,234.341,235.405,4.815,2.331,2.76,1.339,183.216,1.35,198,704,726,726,924,31,210.983
month,1000,3,18,7.49,5.785,7.723,9.536,0.868,199.156,0.189,232.626,232.977,5.568,3.119,3.885,0.927,180.571,0.607,198,704,726,726,924,31,200.981
month,1000,3,19,3.532,3.178,6.452,6.283,0.688,161.748,0.16,183.7,183.963,3.497,2.077,2.68,0.806,144.167,0.266,198,704,726,726,924,31,162.916
month,1000,3,20,2.041,3.21,5.819,6.443,0.856,164.484,0.211,184.646,185.026,3.282,2.337,2.494,0.964,145.612,0.301,198,704,726,726,924,31,165.852
month,1000,3,21,2.537,3.165,5.502,5.284,0.619,162.2,0.099,180.057,180.303,3.148,1.981,1.714,0.685,141.344,0.207,198,704,726,726,924,31,163.094
month,1000,3,22,2.19,5.02,6.701,7.291,1.492,184.522,0.224,209.06,209.5,4.953,2.815,3.292,1.666,166.41,0.323,198,704,726,726,924,31,186.609
month,1000,3,23,2.857,2.923,5.596,6.176,1.148,149.951,0.114,169.752,169.997,3.012,1.93,2.551,1.242,134.405,0.232,198,704,726,726,924,31,151.542
month,1000,3,24,2.256,5.024,7.816,4.968,0.708,151.269,0.101,173.045,173.274,4.875,1.994,1.848,0.679,134.748,0,198,704,726,726,924,31,152.28
month,1000,3,25,2.718,3.396,9.168,5.556,0.511,152.956,0.119,175.607,175.849,3.373,2.099,2.782,0.581,136.728,0.269,198,704,726,726,924,31,154.076
month,1000,3,26,2.153,4.77,7.745,5.864,0.541,153.72,0.121,176.092,176.46,4.676,2.306,1.867,0.578,138.802,0.259,198,704,726,726,924,31,154.746
month,1000,3,27,2.564,3.117,12.382,6.796,0.754,218.794,0.261,245.698,246.087,3.198,2.554,1.917,0.794,148.907,0.141,198,704,726,726,924,31,220.215
month,1000,3,28,3.355,3.76,5.021,7.011,0.615,190.66,0.243,211.618,211.866,3.058,0.164,6.094,0.69,129.796,0,198,704,726,726,924,31,191.801
month,1000,3,29,1.964,3.098,5.188,5.936,0.606,179.851,0.443,198.251,198.669,3.095,0.257,1.953,0.721,132.74,0.248,198,704,726,726,924,31,181.23
reentry,100,3,0,3.617,3.552,2.11,1.857,0.23,11.408,0.274,24.183,25.781,3.133,0,0.668,0.294,11.463,0.367,102,32,34,34,127,15,12.15
reentry,100,3,1,2.72,2.825,2.208,1.657,0.303,9.205,0.204,20.121,21.012,2.894,2.159,0.29,0.393,9.266,0.303,102,32,34,34,127,15,10.021
reentry,100,3,2,2.534,2.528,1.833,1.929,0.223,7.028,0.138,17.162,18.006,2.454,0.854,0.715,0.291,3.397,3.801,102,32,34,34,127,15,7.632
reentry,100,3,3,2.444,2.172,1.505,1.486,0.213,5.506,0.178,15.378,16.368,2.211,0.542,0.512,0.28,3.471,0,102,32,34,34,127,15,6.058
reentry,100,3,4,2.319,2.901,1.647,1.294,0.245,5.691,0.216,15.315,16.537,3.032,0.536,0.469,0.314,5.692,0.291,102,32,34,34,127,15,6.406
reentry,100,3,5,2.334,3.086,1.704,1.364,0.83,5.338,0.192,15.896,17.006,3.066,0.732,0.56,0.801,3.592,0,102,32,34,34,127,15,6.72
reentry,100,3,6,2.538,1.844,1.581,2.727,0.218,5.158,0.211,14.872,15.416,1.908,0.659,0.556,0.289,2.813,0,102,32,34,34,127,15,5.773
reentry,100,3,7,2.425,1.96,1.334,2.82,0.374,4.606,0.176,14.668,15.272,2.049,0.59,0.56,0.454,2.946,0,102,32,34,34,127,15,5.402
reentry,100,3,8,2.63,1.806,1.584,1.594,0.339,6.68,0.37,15.881,16.684,1.872,0.696,0.856,0.38,1.345,0,102,32,34,34,127,15,7.744
reentry,100,3,9,2.448,1.892,2.413,1.666,0.201,4.975,0.543,14.862,15.425,1.997,0.535,0.593,0.269,3.391,0,102,32,34,34,127,15,5.91
reentry,100,3,10,2.757,3.066,1.822,2.078,0.319,4.918,0.105,16.065,16.63,2.203,0.512,0.65,0.394,3.241,0,102,32,34,34,127,15,5.499
reentry,100,3,11,3.074,1.873,1.237,1.646,0.289,5.956,0.867,16.547,17.669,1.964,0.53,0.569,0.379,3.274,3.904,102,32,34,34,127,15,8.052
reentry,100,3,12,2.877,1.937,1.354,1.228,0.268,5.604,0.177,14.601,15.578,2.027,0.759,0.639,0.359,4.769,0,102,32,34,34,127,15,6.38
reentry,100,3,13,2.208,1.964,1.494,2.48,0.319,8.506,0.208,18.178,18.892,2.054,0.608,1.314,0.357,2.671,0,102,32,34,34,127,15,9.285
reentry,100,3,14,2.487,2.857,1.288,1.195,0.309,9.412,0.215,18.71,19.347,2.918,0.639,0.615,0.372,4.816,0.293,102,32,34,34,127,15,10.186
reentry,100,3,15,3.095,3.47,1.169,1.28,0.354,10.946,0.255,21.568,22.391,3.236,0.453,0.74,0.424,10.682,0.296,102,32,34,34,127,15,11.792
reentry,100,3,16,4.152,2.797,1.188,1.026,0.326,9.714,0.156,20.408,21.084,2.736,0.586,0.522,0.369,9.225,0.293,102,32,34,34,127,15,10.482
reentry,100,3,17,2.762,2.771,1.112,1.702,0.212,9.096,0.201,18.524,19.148,2.573,0.504,0.629,0.277,3.989,0.318,102,32,34,34,127,15,9.724
reentry,100,3,18,2.256,2.592,1.242,1.049,0.27,9.385,0.196,18.06,18.856,2.683,0.682,0.532,0.356,9.34,0.289,102,32,34,34,127,15,10.148
reentry,100,3,19,2.345,2.368,1.48,1.988,0.349,9.361,0.209,18.973,19.456,2.42,0.84,1.205,0.403,3.011,0,102,32,34,34,127,15,10.157
reentry,100,3,20,2.606,2.452,1.099,1.292,0.284,9.511,0.229,18.418,19.068,2.504,0.571,0.578,0.337,8.897,0,102,32,34,34,127,15,10.28
reentry,100,3,21,5.169,2.307,1.485,1.176,0.387,10.286,0.247,22.273,23.392,2.36,0.635,0.607,0.478,10.011,0.329,102,32,34,34,127,15,11.228
reentry,100,3,22,2.398,2.013,1.986,1.126,0.18,5.301,0.086,13.602,14.076,2.079,0.688,0.476,0.249,3.51,0,102,32,34,34,127,15,5.69
reentry,100,3,23,2.201,1.881,1.68,1.29,0.164,6.202,0.075,13.985,14.427,1.945,0.448,0.494,0.232,3.519,0,102,32,34,34,127,15,6.56
reentry,100,3,24,3.123,2.861,1.374,1.337,0.285,6.414,0.204,16.484,17.188,2.817,0.847,0.725,0.285,3.105,0.128,102,32,34,34,127,15,7.183
reentry,100,3,25,2.195,3.481,1.15,1.702,0.182,10.046,0.131,20.006,20.662,3.535,0.719,0.672,0.278,10.025,0.227,102,32,34,34,127,15,10.601
reentry,100,3,26,2.547,2.445,1.202,1.117,0.349,9.856,0.22,18.876,19.565,2.51,0.709,0.555,0.416,5.101,0,102,32,34,34,127,15,10.828
reentry,100,3,27,2.242,2.532,0.972,1.016,0.259,9.059,0.178,17.249,17.855,2.621,0.512,0.514,0.319,9.099,0.255,102,32,34,34,127,15,9.783
reentry,100,3,28,3.814,2.435,1.379,1.34,0.135,6.831,0.308,17.678,19.064,2.514,0.485,0.453,0.201,3.663,0.862,102,32,34,34,127,15,7.948
reentry,100,3,29,4.88,2.017,1.888,1.206,0.16,5.828,0.147,17.392,18.097,2.088,0.864,0.51,0.268,3.291,0,102,32,34,34,127,15,6.337
reentry,1000,3,0,3.419,4.108,10.517,12.79,2.467,53.619,0.286,89.039,91.205,3.211,6.628,2.941,1.957,47.868,0.349,102,340,362,362,455,15,56.682
reentry,1000,3,1,2.611,2.495,7.987,6.636,1.966,55.652,0.184,78.523,80.296,2.113,3.148,1.681,0,54.941,0,102,340,362,362,455,15,58.064
reentry,1000,3,2,2.381,1.997,7.365,6.775,1.634,69.018,0.262,90.371,91.784,2.067,2.901,2.002,1.704,47.707,0.414,102,340,362,362,455,15,71.267
reentry,1000,3,3,2.534,3.014,4.956,5.674,0.948,70.337,0.203,88.438,90.242,3.061,2.009,1.977,1.022,42.024,0,102,340,362,362,455,15,71.659
reentry,1000,3,4,2.534,2.462,5.014,5.302,0.739,59.251,0.291,76.708,77.894,2.468,1.59,1.764,0.82,42.746,0,102,340,362,362,455,15,60.597
reentry,1000,3,5,2.685,2.328,5.38,4.282,0.72,56.033,0.281,72.778,74.275,2.229,1.526,1.682,0.79,45.71,0.338,102,340,362,362,455,15,57.334
reentry,1000,3,6,2.57,2.236,4.414,4.859,0.718,55.636,0.337,71.906,72.956,2.153,1.915,2.159,0.792,35.266,0,102,340,362,362,455,15,57.051
reentry,1000,3,7,6.095,2.624,5.612,4.621,0.705,51.725,0.299,72.777,73.605,2.607,2.155,1.495,0.774,38.831,0.354,102,340,362,362,455,15,53.027
reentry,1000,3,8,2.552,2.175,4.23,4.215,0.709,70.304,0.375,85.72,86.768,2.233,1.932,1.939,0.777,50.318,0.445,102,340,362,362,455,15,71.702
reentry,1000,3,9,2.654,2.157,5.318,3.709,0.667,53.324,0.363,69.393,70.478,2.152,1.972,1.427,0.76,40.13,0.466,102,340,362,362,455,15,54.699
reentry,1000,3,10,2.462,1.827,5.006,3.64,0.934,50.733,0.266,65.927,66.909,1.892,2.013,1.382,1.027,35.324,0,102,340,362,362,455,15,52.257
reentry,1000,3,11,2.986,2.293,4.109,4.418,0.47,53.393,0.221,68.694,69.449,2.422,1.661,1.486,0.542,33.465,0,102,340,362,362,455,15,54.328
reentry,1000,3,12,2.435,2.668,4.461,4.047,0.579,51.893,0.374,67.68,69.381,2.717,1.56,1.379,0.648,39.432,0.366,102,340,362,362,455,15,53.139
reentry,1000,3,13,2.448,1.844,4.298,3.598,0.486,63.907,0.366,77.978,78.782,1.911,1.366,1.308,0.582,39.014,0,102,340,362,362,455,15,65.07
reentry,1000,3,14,3.225,2.414,4.045,3.714,0.535,56.047,0.258,71.302,72.824,2.46,1.299,1.482,0.6,43.122,0,102,340,362,362,455,15,57.143
reentry,1000,3,15,2.891,2.387,3.509,4.079,0.612,53.415,0.19,68.146,68.824,2.476,1.205,1.833,0.672,32.714,0.361,102,340,362,362,455,15,54.608
reentry,1000,3,16,2.897,2.248,3.955,3.565,1.086,50.66,0.208,65.464,66.259,2.256,1.28,1.347,1.085,36.495,0,102,340,362,362,455,15,52.265
reentry,1000,3,17,2.473,1.845,4.922,3.588,0.587,50.498,0.223,65.212,65.974,1.935,1.449,1.471,0.636,33.588,0,102,340,362,362,455,15,51.642
reentry,1000,3,18,2.628,2.03,3.524,4.255,0.425,92.998,0.178,106.962,108.087,1.945,1.127,1.209,0.497,62.692,0.258,102,340,362,362,455,15,93.939
reentry,1000,3,19,2.974,2.59,3.625,3.773,0.674,51.422,0.166,66.833,67.692,2.8,1.261,1.218,0.789,46.561,0.373,102,340,362,362,455,15,52.842
reentry,1000,3,20,3.291,1.823,4.143,3.675,0.482,54.256,0.239,69.046,70.87,1.897,1.787,1.362,0.554,39.215,0,102,340,362,362,455,15,55.308
reentry,1000,3,21,3.245,3.087,4.058,3.128,0.354,55.04,0.226,70.434,71.277,2.93,1.183,1.192,0.425,43.27,0.314,102,340,362,362,455,15,55.908
reentry,1000,3,22,3.168,2.296,4.652,4.077,0.498,45.689,0.208,61.835,62.616,2.36,1.473,1.293,0.564,36.315,0.294,102,340,362,362,455,15,46.711
reentry,1000,3,23,2.412,2.669,3.931,2.951,0.62,52.476,0.159,66.331,67.347,2.734,1.145,1.119,0.685,40.226,0.235,102,340,362,362,455,15,53.552
reentry,1000,3,24,3.444,2.157,3.019,3.833,0.422,45.057,0.204,59.126,59.854,2.251,1.079,1.736,0.493,35.864,0.348,102,340,362,362,455,15,45.983
reentry,1000,3,25,3.664,1.829,3.22,3.112,0.483,53.259,0.21,66.855,67.678,1.883,1.142,1.232,0.554,43.095,0.274,102,340,362,362,455,15,54.269
reentry,1000,3,26,2.475,3.074,3.414,3.142,0.695,59.467,0.205,73.762,74.453,2.998,1.345,1.116,0.714,46.218,0.281,102,340,362,362,455,15,60.932
reentry,1000,3,27,5.92,5.454,3.975,3.375,0.359,54.498,0.136,74.596,75.254,3.357,1.63,1.396,0.434,45.202,0.257,102,340,362,362,455,15,55.247
reentry,1000,3,28,4.366,3.625,4.539,3.181,0.433,53.111,0.224,71.307,71.892,2.381,1.411,1.316,0.504,40.839,0,102,340,362,362,455,15,54.088
reentry,1000,3,29,4.251,2.72,3.5,2.798,0.379,61.984,0.192,76.87,77.639,2.345,1.151,1.005,0.45,37.806,0.078,102,340,362,362,455,15,62.872
first,10000,3,0,73.011,16.08,78.365,52.456,18.287,604.506,2.066,846.466,847.874,12.438,20.969,17.428,13.991,443.433,0.79,102,3472,3689,3689,3782,15,625.338
first,10000,3,1,4.136,2.006,35.588,50.679,10.104,586.514,1.05,691.216,691.752,2.072,12.163,16.112,9.144,415.141,0.623,102,3472,3689,3689,3782,15,598.048
first,10000,3,2,2.378,2.814,34.409,41.175,9.698,608.325,1.424,701.636,702.038,2.819,8.407,14.647,9.037,429.616,0.446,102,3472,3689,3689,3782,15,619.921
first,10000,3,3,3.221,3.366,42.932,40.246,10.648,552.131,1.462,655.735,656.195,3.436,7.691,18.378,5.696,380.047,0.27,102,3472,3689,3689,3782,15,564.731
first,10000,3,4,3.334,3.201,28.059,33.239,6.248,566.575,0.638,643.916,644.45,3.175,9.467,9.686,4.219,385.668,0.768,102,3472,3689,3689,3782,15,573.757
first,10000,3,5,5.896,6.996,25.741,29.459,10.223,537.025,0.358,617.338,618.25,4.405,9.12,0.624,17.386,384.952,0.499,102,3472,3689,3689,3782,15,548.057
first,10000,3,6,5.102,6.06,24.08,35.375,5.081,510.622,0.323,589.167,590.061,3.482,4.425,7.695,9.026,341.026,0.463,102,3472,3689,3689,3782,15,516.419
first,10000,3,7,6.992,11.007,27.236,32.544,3.431,533.155,0.176,615.94,616.487,4.972,8,7.96,1.607,390.424,0.271,102,3472,3689,3689,3782,15,536.984
first,10000,3,8,2.83,5.69,25.514,28.923,4.337,524.359,0.305,593.583,594.082,3.187,8.369,8.98,3.914,368.02,0.45,102,3472,3689,3689,3782,15,529.435
first,10000,3,9,9.263,3.507,27.096,35.754,3.675,525.332,0.333,606.865,607.265,2.761,4.415,8.527,3.291,360.788,0.465,102,3472,3689,3689,3782,15,529.698
